month,retail_format,category,sales_thousand_ars,share_pct,is_observed,comparable_across_formats
2017-01-01,supermarkets,beverages,3514467.397929999,12.615253724103455,True,True
2017-02-01,supermarkets,beverages,3344456.9307400007,12.866165949498336,True,True
2017-03-01,supermarkets,beverages,3290739.3236800013,11.84571112697302,True,True
2017-04-01,supermarkets,beverages,3253288.2368399994,11.16653339516146,True,True
2017-05-01,supermarkets,beverages,2869437.410668201,10.259347602147626,True,True
2017-06-01,supermarkets,beverages,3103589.59878,10.653280475417715,True,True
2017-07-01,supermarkets,beverages,3325398.6558070006,10.664378169111812,True,True
2017-08-01,supermarkets,beverages,3261204.2832790003,10.467715441340113,True,True
2017-09-01,supermarkets,beverages,3488952.968447999,11.431129729071797,True,True
2017-10-01,supermarkets,beverages,3928861.097549999,12.10892915731117,True,True
2017-11-01,supermarkets,beverages,4297207.188262001,12.778284826748218,True,True
2017-12-01,supermarkets,beverages,6640857.415859998,16.290057756177927,True,True
2018-01-01,supermarkets,beverages,4222218.45492,12.9997580427328,True,True
2018-02-01,supermarkets,beverages,4356546.19885,13.727101751130425,True,True
2018-03-01,supermarkets,beverages,4597365.962020001,12.584734332706047,True,True
2018-04-01,supermarkets,beverages,4218613.15712,12.366314735193724,True,True
2018-05-01,supermarkets,beverages,3737570.42326,10.638302592185878,True,True
2018-06-01,supermarkets,beverages,4276518.98195,11.154717474605395,True,True
2018-07-01,supermarkets,beverages,4329776.745530002,11.02328821439824,True,True
2018-08-01,supermarkets,beverages,4440944.928766267,11.245202461182553,True,True
2018-09-01,supermarkets,beverages,4915662.833760006,12.31207323927256,True,True
2018-10-01,supermarkets,beverages,5367369.585849999,12.361442214948887,True,True
2018-11-01,supermarkets,beverages,5999482.304630001,13.376937373589936,True,True
2018-12-01,supermarkets,beverages,9591843.129960004,16.76779688598447,True,True
2019-01-01,supermarkets,beverages,5940722.932499999,13.075608870976058,True,True
2019-02-01,supermarkets,beverages,5900970.590900003,13.23320644196388,True,True
2019-03-01,supermarkets,beverages,5901419.921098999,11.556525388003745,True,True
2019-04-01,supermarkets,beverages,5437459.685239999,10.957890484513742,True,True
2019-05-01,supermarkets,beverages,5258910.247739997,10.356609529277772,True,True
2019-06-01,supermarkets,beverages,5602884.226260004,10.296879457166124,True,True
2019-07-01,supermarkets,beverages,5612874.21778,10.19697885710167,True,True
2019-08-01,supermarkets,beverages,6069725.943820001,10.171798027215813,True,True
2019-09-01,supermarkets,beverages,6372597.213819997,11.009006619102356,True,True
2019-10-01,supermarkets,beverages,7475899.072497,11.271517140589541,True,True
2019-11-01,supermarkets,beverages,8816995.300790003,12.976911735416536,True,True
2019-12-01,supermarkets,beverages,13299621.479150005,15.922990863312734,True,True
2020-01-01,supermarkets,beverages,8727149.313199999,12.441582486434987,True,True
2020-02-01,supermarkets,beverages,8876881.393720001,12.244914464936233,True,True
2020-03-01,supermarkets,beverages,8284935.992699999,9.658575613750397,True,True
2020-04-01,supermarkets,beverages,7039345.747440004,9.384593522560342,True,True
2020-05-01,supermarkets,beverages,7437048.07729,9.462552739082772,True,True
2020-06-01,supermarkets,beverages,7839895.916119998,10.021231431419654,True,True
2020-07-01,supermarkets,beverages,8048539.859389998,9.91923933881816,True,True
2020-08-01,supermarkets,beverages,8262233.87684,10.27488014414408,True,True
2020-09-01,supermarkets,beverages,8164340.136140003,10.595364467189045,True,True
2020-10-01,supermarkets,beverages,9900033.945949998,11.095672421264224,True,True
2020-11-01,supermarkets,beverages,11401050.50442,12.51576631618846,True,True
2020-12-01,supermarkets,beverages,19000862.430732105,16.407475787321008,True,True
2021-01-01,supermarkets,beverages,12982834.104759997,13.246764866416715,True,True
2021-02-01,supermarkets,beverages,12129210.025470003,13.048582668197048,True,True
2021-03-01,supermarkets,beverages,12468763.319620006,11.628501251307878,True,True
2021-04-01,supermarkets,beverages,11739913.65,10.98520934782808,True,True
2021-05-01,supermarkets,beverages,10758291.661590002,9.7267947838209,True,True
2021-06-01,supermarkets,beverages,11744001.500854194,10.099074978752629,True,True
2021-07-01,supermarkets,beverages,13755772.373499995,10.946944793074936,True,True
2021-08-01,supermarkets,beverages,13762712.181420002,11.024252569654676,True,True
2021-09-01,supermarkets,beverages,14164245.335670004,11.515435738673519,True,True
2021-10-01,supermarkets,beverages,17838460.219970006,12.697543793464533,True,True
2021-11-01,supermarkets,beverages,18180428.40525102,12.830047178419782,True,True
2021-12-01,supermarkets,beverages,31992432.64550601,17.388783874289988,True,True
2022-01-01,supermarkets,beverages,20364496.47904901,13.179445670306627,True,True
2022-02-01,supermarkets,beverages,20067560.91070901,13.184771100599493,True,True
2022-03-01,supermarkets,beverages,19759206.70563001,11.693048948364455,True,True
2022-04-01,supermarkets,beverages,20648166.679203,11.652971372450942,True,True
2022-05-01,supermarkets,beverages,18584526.54364201,10.345337482130548,True,True
2022-06-01,supermarkets,beverages,20626468.80759402,10.51756305497939,True,True
2022-07-01,supermarkets,beverages,24920742.696633,10.919836580658426,True,True
2022-08-01,supermarkets,beverages,25138325.30575099,11.147415231367521,True,True
2022-09-01,supermarkets,beverages,27206602.00327099,11.71924703869276,True,True
2022-10-01,supermarkets,beverages,32829848.37791099,12.35757937543553,True,True
2022-11-01,supermarkets,beverages,38574280.949363,13.544984504517307,True,True
2022-12-01,supermarkets,beverages,67768247.15349402,18.841909816455033,True,True
2023-01-01,supermarkets,beverages,46410904.65153099,14.660162053032277,True,True
2023-02-01,supermarkets,beverages,44685911.493859984,14.03377073906186,True,True
2023-03-01,supermarkets,beverages,49436083.277124,13.613192725171352,True,True
2023-04-01,supermarkets,beverages,46405107.16539001,12.027842202560661,True,True
2023-05-01,supermarkets,beverages,44584158.08595999,11.464253497058191,True,True
2023-06-01,supermarkets,beverages,50066785.689160034,11.758128412018912,True,True
2023-07-01,supermarkets,beverages,58799980.43911,12.182247677807412,True,True
2023-08-01,supermarkets,beverages,66230657.37486003,12.324063978081055,True,True
2023-09-01,supermarkets,beverages,75335751.22022998,12.986391434704444,True,True
2023-10-01,supermarkets,beverages,92108347.58665,13.002594923476932,True,True
2023-11-01,supermarkets,beverages,108055752.37642996,14.137782487709849,True,True
2023-12-01,supermarkets,beverages,200796556.40261984,17.505357242457965,True,True
2024-01-01,supermarkets,beverages,154393146.31628993,14.013598580616584,True,True
2024-02-01,supermarkets,beverages,161517576.26391008,13.538637947258797,True,True
2024-03-01,supermarkets,beverages,176653555.76504,12.414748996950491,True,True
2024-04-01,supermarkets,beverages,147818484.58174,11.07156570866009,True,True
2024-05-01,supermarkets,beverages,140119739.66498998,9.917315424866853,True,True
2024-06-01,supermarkets,beverages,163783713.37718,10.684431353168577,True,True
2024-07-01,supermarkets,beverages,172044679.76761007,10.831473671954805,True,True
2024-08-01,supermarkets,beverages,178870248.42424005,10.720626097843402,True,True
2024-09-01,supermarkets,beverages,185449563.67102,11.699360923037068,True,True
2024-10-01,supermarkets,beverages,208621485.50249007,12.283630198697901,True,True
2024-11-01,supermarkets,beverages,240859640.98221,13.203418819074047,True,True
2024-12-01,supermarkets,beverages,369587067.7460699,16.586704824557476,True,True
2025-01-01,supermarkets,beverages,250432390.50126997,13.391847294547004,True,True
2025-02-01,supermarkets,beverages,232163155.70399988,12.952886808841079,True,True
2025-03-01,supermarkets,beverages,234290781.12369016,11.454498735829285,True,True
2025-04-01,supermarkets,beverages,213747876.77847013,10.82060421946629,True,True
2025-05-01,supermarkets,beverages,203147412.19835004,10.221642713631645,True,True
2025-06-01,supermarkets,beverages,204382858.99744,10.170819899625537,True,True
2025-07-01,supermarkets,beverages,211989100.1714801,10.295564565618859,True,True
2025-08-01,supermarkets,beverages,220678909.34627,10.47400197951876,True,True
2025-09-01,supermarkets,beverages,211055522.59703004,10.75517236816874,True,True
2025-10-01,supermarkets,beverages,249449997.69831,11.490272139183254,True,True
2025-11-01,supermarkets,beverages,263146748.69984013,11.899972588750016,True,True
2025-12-01,supermarkets,beverages,437905224.4270001,15.66122819854005,True,True
2026-01-01,supermarkets,beverages,287647809.74583006,12.296670309982655,True,True
2026-02-01,supermarkets,beverages,262980811.4133901,11.878949531463396,True,True
2026-03-01,supermarkets,beverages,258902658.62606996,10.508989123684632,True,True
2026-04-01,supermarkets,beverages,244954672.7422,10.208179711983316,True,True
2026-05-01,supermarkets,beverages,228407314.76933992,9.126109009268847,True,True
2017-01-01,supermarkets,grocery,6705475.317769996,24.069442933004733,True,True
2017-02-01,supermarkets,grocery,6576624.802559997,25.3003545417466,True,True
2017-03-01,supermarkets,grocery,7437264.173599998,26.772002978628613,True,True
2017-04-01,supermarkets,grocery,8211244.0929700015,28.184140077619958,True,True
2017-05-01,supermarkets,grocery,7651058.083627703,27.355489306832144,True,True
2017-06-01,supermarkets,grocery,7911936.244779997,27.158254413662668,True,True
2017-07-01,supermarkets,grocery,8482567.662070002,27.203147278424638,True,True
2017-08-01,supermarkets,grocery,8275620.1797,26.562836798010082,True,True
2017-09-01,supermarkets,grocery,8319868.332199999,27.25903590396647,True,True
2017-10-01,supermarkets,grocery,8323912.543310004,25.65467823778465,True,True
2017-11-01,supermarkets,grocery,8282231.901500002,24.628255888530106,True,True
2017-12-01,supermarkets,grocery,9667850.147479994,23.715286659279563,True,True
2018-01-01,supermarkets,grocery,7836896.413669995,24.128964020077134,True,True
2018-02-01,supermarkets,grocery,7699395.380650002,24.26013153269562,True,True
2018-03-01,supermarkets,grocery,9795952.073230002,26.8152362452681,True,True
2018-04-01,supermarkets,grocery,8945426.330820002,26.222351594553338,True,True
2018-05-01,supermarkets,grocery,9171763.802680004,26.105728477983465,True,True
2018-06-01,supermarkets,grocery,10197523.387210004,26.598851263169387,True,True
2018-07-01,supermarkets,grocery,10941910.277759986,27.857286344464903,True,True
2018-08-01,supermarkets,grocery,10804194.908603406,27.357997256470252,True,True
2018-09-01,supermarkets,grocery,11194772.65607,28.039120155259383,True,True
2018-10-01,supermarkets,grocery,11730986.055640005,27.017313403097877,True,True
2018-11-01,supermarkets,grocery,11863636.204099998,26.45213544555778,True,True
2018-12-01,supermarkets,grocery,14277710.69419,24.959306535075132,True,True
2019-01-01,supermarkets,grocery,11509132.27858,25.331750668888407,True,True
2019-02-01,supermarkets,grocery,11400304.634749994,25.565723876945306,True,True
2019-03-01,supermarkets,grocery,13664374.994760009,26.758424014798816,True,True
2019-04-01,supermarkets,grocery,14448162.663839998,29.11679227757089,True,True
2019-05-01,supermarkets,grocery,14391198.419049997,28.341237188543328,True,True
2019-06-01,supermarkets,grocery,15319207.314880004,28.15336257732215,True,True
2019-07-01,supermarkets,grocery,15602920.266189998,28.346020575232263,True,True
2019-08-01,supermarkets,grocery,17125415.366779994,28.69919793008532,True,True
2019-09-01,supermarkets,grocery,16428217.441940008,28.38063484793139,True,True
2019-10-01,supermarkets,grocery,17942183.893732585,27.051680518510313,True,True
2019-11-01,supermarkets,grocery,17296630.38648,25.45729448504563,True,True
2019-12-01,supermarkets,grocery,20776781.41631,24.875031306687504,True,True
2020-01-01,supermarkets,grocery,17489114.378610004,24.932798941237273,True,True
2020-02-01,supermarkets,grocery,18718680.52182001,25.820852134884763,True,True
2020-03-01,supermarkets,grocery,26179704.492430013,30.52029075524233,True,True
2020-04-01,supermarkets,grocery,23511297.23490001,31.34438563667298,True,True
2020-05-01,supermarkets,grocery,22865786.66969,29.093359358973043,True,True
2020-06-01,supermarkets,grocery,22614018.901164997,28.906036435650574,True,True
2020-07-01,supermarkets,grocery,23393038.40763,28.830216521414375,True,True
2020-08-01,supermarkets,grocery,22891446.999150008,28.46770955027128,True,True
2020-09-01,supermarkets,grocery,22018485.44868001,28.574737756401415,True,True
2020-10-01,supermarkets,grocery,23772929.584499992,26.644013606771644,True,True
2020-11-01,supermarkets,grocery,23577259.621930003,25.882480889790045,True,True
2020-12-01,supermarkets,grocery,29052388.41279858,25.087090714148797,True,True
2021-01-01,supermarkets,grocery,24393220.467840005,24.889115370708463,True,True
2021-02-01,supermarkets,grocery,23633068.01465001,25.424412723064755,True,True
2021-03-01,supermarkets,grocery,29069610.32884,27.110627687674338,True,True
2021-04-01,supermarkets,grocery,29827096.111789007,27.90965119456319,True,True
2021-05-01,supermarkets,grocery,31328427.63126999,28.324681655276034,True,True
2021-06-01,supermarkets,grocery,32622021.607925504,28.052809951783942,True,True
2021-07-01,supermarkets,grocery,34683058.37416999,27.601032858646434,True,True
2021-08-01,supermarkets,grocery,34500426.75201,27.635644287359245,True,True
2021-09-01,supermarkets,grocery,34298836.96477799,27.88472266746839,True,True
2021-10-01,supermarkets,grocery,37081602.26248997,26.394950172475795,True,True
2021-11-01,supermarkets,grocery,36354580.021516986,25.6556647858189,True,True
2021-12-01,supermarkets,grocery,45299912.36478301,24.62177210353957,True,True
2022-01-01,supermarkets,grocery,37585681.43685602,24.324610578421172,True,True
2022-02-01,supermarkets,grocery,38309789.320461005,25.170263857672946,True,True
2022-03-01,supermarkets,grocery,45484393.791690014,26.91662934227895,True,True
2022-04-01,supermarkets,grocery,50129507.36877402,28.291020862000334,True,True
2022-05-01,supermarkets,grocery,50253932.79748004,27.97455686446324,True,True
2022-06-01,supermarkets,grocery,55379842.94637301,28.238521852508747,True,True
2022-07-01,supermarkets,grocery,64457492.51580001,28.24415360488625,True,True
2022-08-01,supermarkets,grocery,62965522.00274701,27.92162208450107,True,True
2022-09-01,supermarkets,grocery,65355242.022342,28.151778250047393,True,True
2022-10-01,supermarkets,grocery,70574859.92223701,26.565289713189433,True,True
2022-11-01,supermarkets,grocery,72339550.35841,25.40133126407878,True,True
2022-12-01,supermarkets,grocery,90609095.34734105,25.192453321365747,True,True
2023-01-01,supermarkets,grocery,78931330.42481697,24.93263390958448,True,True
2023-02-01,supermarkets,grocery,80696649.18686096,25.34307203858908,True,True
2023-03-01,supermarkets,grocery,96259892.98528498,26.507044815167006,True,True
2023-04-01,supermarkets,grocery,109124598.98891996,28.284245791707974,True,True
2023-05-01,supermarkets,grocery,109938336.55505995,28.269255570153,True,True
2023-06-01,supermarkets,grocery,121672971.94499998,28.574760866085192,True,True
2023-07-01,supermarkets,grocery,135875741.45746005,28.15089262750029,True,True
2023-08-01,supermarkets,grocery,152750476.12404,28.423493213726992,True,True
2023-09-01,supermarkets,grocery,164410578.04545984,28.34112739199746,True,True
2023-10-01,supermarkets,grocery,189595300.85910025,26.764467728036024,True,True
2023-11-01,supermarkets,grocery,204118547.3199401,26.70643219125921,True,True
2023-12-01,supermarkets,grocery,307284878.8661498,26.78896329761555,True,True
2024-01-01,supermarkets,grocery,298746574.83328,27.115935369768433,True,True
2024-02-01,supermarkets,grocery,330410050.6804199,27.695450574298654,True,True
2024-03-01,supermarkets,grocery,421610780.52250993,29.629700868048975,True,True
2024-04-01,supermarkets,grocery,391761887.5877299,29.342862584805985,True,True
2024-05-01,supermarkets,grocery,423580697.5954301,29.97995425899738,True,True
2024-06-01,supermarkets,grocery,440645344.66959006,28.74550124146541,True,True
2024-07-01,supermarkets,grocery,455979582.27333,28.707257016106517,True,True
2024-08-01,supermarkets,grocery,475989831.8768999,28.528551052406613,True,True
2024-09-01,supermarkets,grocery,443598299.0713697,27.98505697693534,True,True
2024-10-01,supermarkets,grocery,455125695.75272006,26.79779470981083,True,True
2024-11-01,supermarkets,grocery,478299428.78181016,26.2193684810672,True,True
2024-12-01,supermarkets,grocery,573133302.33483,25.721660037853884,True,True
2025-01-01,supermarkets,grocery,466837485.7499501,24.964088343444104,True,True
2025-02-01,supermarkets,grocery,457406802.5149601,25.519719184572264,True,True
2025-03-01,supermarkets,grocery,542999263.4343201,26.54728601242323,True,True
2025-04-01,supermarkets,grocery,563108051.8657799,28.50633865406441,True,True
2025-05-01,supermarkets,grocery,552369077.6630799,27.793213296842133,True,True
2025-06-01,supermarkets,grocery,560785044.1053301,27.906663572361108,True,True
2025-07-01,supermarkets,grocery,581829479.4957898,28.257410251205055,True,True
2025-08-01,supermarkets,grocery,585714820.3614299,27.799567281134856,True,True
2025-09-01,supermarkets,grocery,550811160.9641899,28.068770272322467,True,True
2025-10-01,supermarkets,grocery,583196447.8366598,26.863443407815325,True,True
2025-11-01,supermarkets,grocery,578603350.0762104,26.16549145936689,True,True
2025-12-01,supermarkets,grocery,697602111.0856394,24.949019203393313,True,True
2026-01-01,supermarkets,grocery,578125699.3548003,24.714323842673338,True,True
2026-02-01,supermarkets,grocery,559690064.8486897,25.28142641992221,True,True
2026-03-01,supermarkets,grocery,666343535.0213798,27.04721921102795,True,True
2026-04-01,supermarkets,grocery,663080894.3649602,27.633067201718355,True,True
2026-05-01,supermarkets,grocery,677927168.0653203,27.086861217018782,True,True
2017-01-01,supermarkets,bakery,945906.3068000004,3.3953503357407815,True,True
2017-02-01,supermarkets,bakery,925618.6147200002,3.560865919208368,True,True
2017-03-01,supermarkets,bakery,1016147.66424,3.657838105351524,True,True
2017-04-01,supermarkets,bakery,1132396.2324400002,3.8868183282704236,True,True
2017-05-01,supermarkets,bakery,1033081.8497094,3.693666834562617,True,True
2017-06-01,supermarkets,bakery,1083494.19323,3.719166844257698,True,True
2017-07-01,supermarkets,bakery,1153102.2144580004,3.697938008468987,True,True
2017-08-01,supermarkets,bakery,1147970.0728,3.684719819257288,True,True
2017-09-01,supermarkets,bakery,1144159.4605890005,3.748699206614889,True,True
2017-10-01,supermarkets,bakery,1171282.6349200003,3.6099465207053054,True,True
2017-11-01,supermarkets,bakery,1138077.3718600003,3.384215881474846,True,True
2017-12-01,supermarkets,bakery,1346130.8131799998,3.3020658810867096,True,True
2018-01-01,supermarkets,bakery,1122224.4299800007,3.4552087285735102,True,True
2018-02-01,supermarkets,bakery,1101686.47128,3.4713191594516775,True,True
2018-03-01,supermarkets,bakery,1412393.8548500005,3.8662576752153957,True,True
2018-04-01,supermarkets,bakery,1255968.4269100006,3.68170777603096,True,True
2018-05-01,supermarkets,bakery,1297093.1459100002,3.6919356196117317,True,True
2018-06-01,supermarkets,bakery,1422314.27823,3.709913132787875,True,True
2018-07-01,supermarkets,bakery,1535870.4263800003,3.910211395411113,True,True
2018-08-01,supermarkets,bakery,1505870.5487064328,3.8131117300840427,True,True
2018-09-01,supermarkets,bakery,1509785.43563,3.7815020044499508,True,True
2018-10-01,supermarkets,bakery,1633042.69586,3.7610160054258457,True,True
2018-11-01,supermarkets,bakery,1623972.4898400006,3.620942139667225,True,True
2018-12-01,supermarkets,bakery,1987411.8307699992,3.4742559334675907,True,True
2019-01-01,supermarkets,bakery,1602588.7262000006,3.527318746038314,True,True
2019-02-01,supermarkets,bakery,1585634.2492300002,3.555860012904879,True,True
2019-03-01,supermarkets,bakery,1863315.83183,3.648860275037439,True,True
2019-04-01,supermarkets,bakery,1961842.2602,3.953620602193697,True,True
2019-05-01,supermarkets,bakery,1910340.61452,3.7621200744025995,True,True
2019-06-01,supermarkets,bakery,2072217.13306,3.8082832281608936,True,True
2019-07-01,supermarkets,bakery,2119480.4736700007,3.8504867095705038,True,True
2019-08-01,supermarkets,bakery,2205098.44878,3.695358943504586,True,True
2019-09-01,supermarkets,bakery,2192061.5761300004,3.786905023396128,True,True
2019-10-01,supermarkets,bakery,2403879.6151702004,3.624362772095941,True,True
2019-11-01,supermarkets,bakery,2337204.021009999,3.439912266437278,True,True
2019-12-01,supermarkets,bakery,2985037.69981,3.573840661197256,True,True
2020-01-01,supermarkets,bakery,2513045.890880001,3.582643841820047,True,True
2020-02-01,supermarkets,bakery,2642994.222749998,3.6457891858045883,True,True
2020-03-01,supermarkets,bakery,2954223.1747500007,3.4440323906374264,True,True
2020-04-01,supermarkets,bakery,2723790.4688799987,3.6312559871574472,True,True
2020-05-01,supermarkets,bakery,2588780.474071,3.2938434055048966,True,True
2020-06-01,supermarkets,bakery,2512756.0308870007,3.2118933702217127,True,True
2020-07-01,supermarkets,bakery,2630487.7910100017,3.241884668860278,True,True
2020-08-01,supermarkets,bakery,2684429.9927800004,3.338346123132166,True,True
2020-09-01,supermarkets,bakery,2574722.638590001,3.341375335041028,True,True
2020-10-01,supermarkets,bakery,2819496.84264,3.1600107160764086,True,True
2020-11-01,supermarkets,bakery,2712393.486839999,2.9775925495356823,True,True
2020-12-01,supermarkets,bakery,3568526.301510001,3.0814658598729494,True,True
2021-01-01,supermarkets,bakery,2973192.4986529998,3.0336351534993575,True,True
2021-02-01,supermarkets,bakery,2964209.932129999,3.1888917962561427,True,True
2021-03-01,supermarkets,bakery,3638242.45253,3.393063596390078,True,True
2021-04-01,supermarkets,bakery,3616384.0334219984,3.3839035680883014,True,True
2021-05-01,supermarkets,bakery,3801495.08008,3.4370106034267995,True,True
2021-06-01,supermarkets,bakery,3921981.95258,3.372648564591818,True,True
2021-07-01,supermarkets,bakery,4322896.980460002,3.440193200813,True,True
2021-08-01,supermarkets,bakery,4370305.272810001,3.5007161741705484,True,True
2021-09-01,supermarkets,bakery,4333686.607449999,3.5232579256422434,True,True
2021-10-01,supermarkets,bakery,4773476.075109999,3.3977944712352715,True,True
2021-11-01,supermarkets,bakery,4509964.850233999,3.182711678279519,True,True
2021-12-01,supermarkets,bakery,5859939.040923003,3.185041119823622,True,True
2022-01-01,supermarkets,bakery,4860317.679926999,3.145488663023402,True,True
2022-02-01,supermarkets,bakery,5045920.420570998,3.315266166779946,True,True
2022-03-01,supermarkets,bakery,5922819.508782998,3.5049898237460297,True,True
2022-04-01,supermarkets,bakery,6720234.981807,3.792622709599469,True,True
2022-05-01,supermarkets,bakery,6667406.176570003,3.711505206499656,True,True
2022-06-01,supermarkets,bakery,7211046.254094999,3.6769567480156473,True,True
2022-07-01,supermarkets,bakery,8106815.291278004,3.552265646653425,True,True
2022-08-01,supermarkets,bakery,8437659.493218997,3.741621321539832,True,True
2022-09-01,supermarkets,bakery,8586483.071666004,3.698628601186916,True,True
2022-10-01,supermarkets,bakery,9541915.411453996,3.5917003250636825,True,True
2022-11-01,supermarkets,bakery,9614582.019614996,3.3760671947210055,True,True
2022-12-01,supermarkets,bakery,12311994.328595,3.4231590242353236,True,True
2023-01-01,supermarkets,bakery,10663203.643138006,3.368266457778055,True,True
2023-02-01,supermarkets,bakery,10917411.685842996,3.4286522875140952,True,True
2023-03-01,supermarkets,bakery,12835204.748683998,3.534424742579137,True,True
2023-04-01,supermarkets,bakery,14451827.443270003,3.7458010689808177,True,True
2023-05-01,supermarkets,bakery,14719474.968640003,3.7849271945146827,True,True
2023-06-01,supermarkets,bakery,16255447.033529997,3.817573486775684,True,True
2023-07-01,supermarkets,bakery,18146190.776810005,3.759548707346304,True,True
2023-08-01,supermarkets,bakery,19904073.844579995,3.7037089651199016,True,True
2023-09-01,supermarkets,bakery,22264601.08734001,3.8379762619278344,True,True
2023-10-01,supermarkets,bakery,25676798.82297,3.6246987680742837,True,True
2023-11-01,supermarkets,bakery,28026283.46283001,3.66689871498983,True,True
2023-12-01,supermarkets,bakery,41971326.577230014,3.6590421610671395,True,True
2024-01-01,supermarkets,bakery,42164620.60513001,3.8271003704647186,True,True
2024-02-01,supermarkets,bakery,48211353.74322,4.041145727757681,True,True
2024-03-01,supermarkets,bakery,58370036.23062004,4.10209319369649,True,True
2024-04-01,supermarkets,bakery,54412527.43804,4.075484027651494,True,True
2024-05-01,supermarkets,bakery,58944623.74314001,4.171949131924311,True,True
2024-06-01,supermarkets,bakery,63611713.25354003,4.1497104290809705,True,True
2024-07-01,supermarkets,bakery,67583806.87926002,4.254896029635894,True,True
2024-08-01,supermarkets,bakery,70314431.69090992,4.214310306388779,True,True
2024-09-01,supermarkets,bakery,64883847.872580014,4.093293827767405,True,True
2024-10-01,supermarkets,bakery,69026599.48280995,4.064285228715566,True,True
2024-11-01,supermarkets,bakery,72539978.90944003,3.9764890405149975,True,True
2024-12-01,supermarkets,bakery,89307275.07830992,4.008022844098112,True,True
2025-01-01,supermarkets,bakery,74120168.9172,3.963568696518664,True,True
2025-02-01,supermarkets,bakery,71553256.26607,3.9921116096477807,True,True
2025-03-01,supermarkets,bakery,82933912.18626995,4.054646912434365,True,True
2025-04-01,supermarkets,bakery,88406678.50857005,4.47543008574665,True,True
2025-05-01,supermarkets,bakery,85631972.57331999,4.308691009331451,True,True
2025-06-01,supermarkets,bakery,85672475.2803199,4.263367880777951,True,True
2025-07-01,supermarkets,bakery,89796868.53293,4.361117892492229,True,True
2025-08-01,supermarkets,bakery,93380285.31033003,4.43207416642489,True,True
2025-09-01,supermarkets,bakery,85672996.45725004,4.36580778771908,True,True
2025-10-01,supermarkets,bakery,93221374.76935,4.29400270664296,True,True
2025-11-01,supermarkets,bakery,92445339.41963,4.180545685959132,True,True
2025-12-01,supermarkets,bakery,110505361.36823004,3.9521101485248122,True,True
2026-01-01,supermarkets,bakery,94284468.87019,4.030571378495805,True,True
2026-02-01,supermarkets,bakery,90095329.73627992,4.069642454922206,True,True
2026-03-01,supermarkets,bakery,105329855.97439998,4.275391827601646,True,True
2026-04-01,supermarkets,bakery,102962859.46228004,4.290848430382127,True,True
2026-05-01,supermarkets,bakery,104661293.51573998,4.18178539789891,True,True
2017-01-01,supermarkets,dairy,2880656.1690700003,10.340175153175725,True,True
2017-02-01,supermarkets,dairy,2855639.8995800014,10.985680964315979,True,True
2017-03-01,supermarkets,dairy,3188259.169089998,11.476812168983493,True,True
2017-04-01,supermarkets,dairy,3257140.159270001,11.179754670781342,True,True
2017-05-01,supermarkets,dairy,3232635.767159099,11.557922080167394,True,True
2017-06-01,supermarkets,dairy,3322049.5637600007,11.403159029108167,True,True
2017-07-01,supermarkets,dairy,3534096.704471001,11.333661808299574,True,True
2017-08-01,supermarkets,dairy,3604272.1064110007,11.568884223694049,True,True
2017-09-01,supermarkets,dairy,3640337.037869999,11.92712120620755,True,True
2017-10-01,supermarkets,dairy,3698962.62996,11.400371591059294,True,True
2017-11-01,supermarkets,dairy,3641546.556899999,10.828595661163027,True,True
2017-12-01,supermarkets,dairy,3684165.031499999,9.037275970282824,True,True
2018-01-01,supermarkets,dairy,3431469.9459899995,10.565128144139239,True,True
2018-02-01,supermarkets,dairy,3398477.220279999,10.708308938396426,True,True
2018-03-01,supermarkets,dairy,3996896.45261,10.94102153863148,True,True
2018-04-01,supermarkets,dairy,3762309.3645600006,11.028719629054205,True,True
2018-05-01,supermarkets,dairy,3872325.67532,11.02185848142854,True,True
2018-06-01,supermarkets,dairy,4138338.417360001,10.79429228650531,True,True
2018-07-01,supermarkets,dairy,4337129.47109,11.04200770451812,True,True
2018-08-01,supermarkets,dairy,4432915.801648892,11.224871391676015,True,True
2018-09-01,supermarkets,dairy,4594864.59784,11.508582131511734,True,True
2018-10-01,supermarkets,dairy,4894616.841739998,11.272658289265701,True,True
2018-11-01,supermarkets,dairy,4918020.845370001,10.965622283734966,True,True
2018-12-01,supermarkets,dairy,5209569.96788,9.107009977247275,True,True
2019-01-01,supermarkets,dairy,4824152.727379998,10.618023246293394,True,True
2019-02-01,supermarkets,dairy,4837064.586020001,10.847346763365682,True,True
2019-03-01,supermarkets,dairy,5729158.05844,11.219191557193616,True,True
2019-04-01,supermarkets,dairy,5754857.497710002,11.597529336184053,True,True
2019-05-01,supermarkets,dairy,6223354.017650002,12.25593221541698,True,True
2019-06-01,supermarkets,dairy,6642410.276169999,12.20730166049126,True,True
2019-07-01,supermarkets,dairy,6625542.260160002,12.036705566939753,True,True
2019-08-01,supermarkets,dairy,7351482.511229999,12.31979763122208,True,True
2019-09-01,supermarkets,dairy,7182926.619359996,12.408894528210542,True,True
2019-10-01,supermarkets,dairy,7900014.451017999,11.910961802994589,True,True
2019-11-01,supermarkets,dairy,7523217.58733,11.072721178423137,True,True
2019-12-01,supermarkets,dairy,7985919.655519997,9.561153744814805,True,True
2020-01-01,supermarkets,dairy,7612363.147730004,10.852323092023884,True,True
2020-02-01,supermarkets,dairy,8169113.796010004,11.26860833774797,True,True
2020-03-01,supermarkets,dairy,10540220.755720006,12.287785837385332,True,True
2020-04-01,supermarkets,dairy,9518952.15604,12.690312416835317,True,True
2020-05-01,supermarkets,dairy,9450381.786705,12.024224548747169,True,True
2020-06-01,supermarkets,dairy,9239346.590982998,11.810058635212327,True,True
2020-07-01,supermarkets,dairy,9592798.115190005,11.822425197102161,True,True
2020-08-01,supermarkets,dairy,9681663.0829,12.040076479997758,True,True
2020-09-01,supermarkets,dairy,9349357.228210004,12.133233759864833,True,True
2020-10-01,supermarkets,dairy,10152813.64101,11.378980610553842,True,True
2020-11-01,supermarkets,dairy,9625513.23871,10.566629305112558,True,True
2020-12-01,supermarkets,dairy,10374402.289709996,8.95842254512791,True,True
2021-01-01,supermarkets,dairy,10138651.410120009,10.344762184335622,True,True
2021-02-01,supermarkets,dairy,10043345.312269997,10.804613103179086,True,True
2021-03-01,supermarkets,dairy,11823788.248,11.026990641543236,True,True
2021-04-01,supermarkets,dairy,12309094.615401998,11.517800323208878,True,True
2021-05-01,supermarkets,dairy,13116541.50778,11.858937416164927,True,True
2021-06-01,supermarkets,dairy,13537963.959311698,11.64176563454929,True,True
2021-07-01,supermarkets,dairy,14292062.104300002,11.373728103874004,True,True
2021-08-01,supermarkets,dairy,14512831.617069997,11.625115684933393,True,True
2021-09-01,supermarkets,dairy,14489891.670490006,11.780184008227332,True,True
2021-10-01,supermarkets,dairy,15561031.996110003,11.076454066417277,True,True
2021-11-01,supermarkets,dairy,14720418.135491995,10.38829531156039,True,True
2021-12-01,supermarkets,dairy,16175223.818707,8.791687528684173,True,True
2022-01-01,supermarkets,dairy,16024257.392035004,10.370540215546592,True,True
2022-02-01,supermarkets,dairy,16039817.802111994,10.538466889780858,True,True
2022-03-01,supermarkets,dairy,18353630.329650026,10.86126083005322,True,True
2022-04-01,supermarkets,dairy,19209369.323476,10.840973646089505,True,True
2022-05-01,supermarkets,dairy,20021494.178525,11.145245679891405,True,True
2022-06-01,supermarkets,dairy,21343950.79115,10.883411522463241,True,True
2022-07-01,supermarkets,dairy,23852050.92824001,10.45155441074047,True,True
2022-08-01,supermarkets,dairy,25004727.48193799,11.088172207103298,True,True
2022-09-01,supermarkets,dairy,25955029.691804983,11.180132117134587,True,True
2022-10-01,supermarkets,dairy,28691297.059354004,10.799775153202456,True,True
2022-11-01,supermarkets,dairy,28917942.238688,10.15425485285744,True,True
2022-12-01,supermarkets,dairy,31510760.79219502,8.761078204511511,True,True
2023-01-01,supermarkets,dairy,32140568.448538,10.152483462021893,True,True
2023-02-01,supermarkets,dairy,33195908.400339987,10.425294066772713,True,True
2023-03-01,supermarkets,dairy,39140415.39945298,10.778079144926462,True,True
2023-04-01,supermarkets,dairy,41186398.65366004,10.67519361893529,True,True
2023-05-01,supermarkets,dairy,43598570.45369,11.210822077805558,True,True
2023-06-01,supermarkets,dairy,47339446.846579984,11.117615946664332,True,True
2023-07-01,supermarkets,dairy,52694672.14769997,10.917342873419793,True,True
2023-08-01,supermarkets,dairy,58765770.46908997,10.935013235384208,True,True
2023-09-01,supermarkets,dairy,64045176.06630998,11.040119895669461,True,True
2023-10-01,supermarkets,dairy,72214057.18473002,10.194191492475932,True,True
2023-11-01,supermarkets,dairy,76007814.44761004,9.944699142744739,True,True
2023-12-01,supermarkets,dairy,99331130.35447006,8.65964513188968,True,True
2024-01-01,supermarkets,dairy,112044197.16793,10.169767504978712,True,True
2024-02-01,supermarkets,dairy,124911165.07352014,10.470235367682006,True,True
2024-03-01,supermarkets,dairy,155374050.55496004,10.919281131509853,True,True
2024-04-01,supermarkets,dairy,157491891.68834996,11.796101362712397,True,True
2024-05-01,supermarkets,dairy,169998819.99675006,12.032080018088816,True,True
2024-06-01,supermarkets,dairy,181773727.4690999,11.858010011536171,True,True
2024-07-01,supermarkets,dairy,190016608.79847008,11.962938337964479,True,True
2024-08-01,supermarkets,dairy,203865897.35090995,12.218745592708899,True,True
2024-09-01,supermarkets,dairy,191744593.20184,12.096492202530873,True,True
2024-10-01,supermarkets,dairy,201001213.7111801,11.834948700373014,True,True
2024-11-01,supermarkets,dairy,206172330.7164201,11.301933442450828,True,True
2024-12-01,supermarkets,dairy,218785180.6617401,9.818864154946754,True,True
2025-01-01,supermarkets,dairy,207736106.9483201,11.108667757581781,True,True
2025-02-01,supermarkets,dairy,204180814.16884983,11.391691185650785,True,True
2025-03-01,supermarkets,dairy,234774284.43183,11.478137258887232,True,True
2025-04-01,supermarkets,dairy,226159025.36558005,11.448896433612072,True,True
2025-05-01,supermarkets,dairy,235406910.52494,11.844823941721534,True,True
2025-06-01,supermarkets,dairy,233515249.7936999,11.62055155269914,True,True
2025-07-01,supermarkets,dairy,237383828.2229901,11.528897138233024,True,True
2025-08-01,supermarkets,dairy,248587605.80898,11.798622183878827,True,True
2025-09-01,supermarkets,dairy,235948451.13422996,12.023690404900082,True,True
2025-10-01,supermarkets,dairy,255938218.36349007,11.789135325512708,True,True
2025-11-01,supermarkets,dairy,246502206.8695999,11.147276260519522,True,True
2025-12-01,supermarkets,dairy,257877039.89128008,9.222706064276723,True,True
2026-01-01,supermarkets,dairy,247944678.56712,10.599399210265311,True,True
2026-02-01,supermarkets,dairy,243846484.4184301,11.014644248237419,True,True
2026-03-01,supermarkets,dairy,276561027.56785005,11.225751199964414,True,True
2026-04-01,supermarkets,dairy,271584656.03466004,11.317950969389148,True,True
2026-05-01,supermarkets,dairy,282291591.03786004,11.279077619791137,True,True
2017-01-01,supermarkets,meat,2606192.9418299994,9.354983698103977,True,True
2017-02-01,supermarkets,meat,2600083.5910390997,10.002552778419165,True,True
2017-03-01,supermarkets,meat,2824976.7257703007,10.169100297034394,True,True
2017-04-01,supermarkets,meat,3006158.7602199987,10.318290216965094,True,True
2017-05-01,supermarkets,meat,2799142.1231426005,10.008014784489092,True,True
2017-06-01,supermarkets,meat,2883228.7623519986,9.896877052365918,True,True
2017-07-01,supermarkets,meat,3013143.9676210005,9.662993846640111,True,True
2017-08-01,supermarkets,meat,2946950.8218284003,9.459034130639282,True,True
2017-09-01,supermarkets,meat,2991425.0249088006,9.801039980695284,True,True
2017-10-01,supermarkets,meat,3091846.9128900003,9.529213251337094,True,True
2017-11-01,supermarkets,meat,3032406.663384301,9.017241747407056,True,True
2017-12-01,supermarkets,meat,3674954.0998407,9.014681507049833,True,True
2018-01-01,supermarkets,meat,3091349.877213999,9.517934909877885,True,True
2018-02-01,supermarkets,meat,3136911.742340002,9.884138651573071,True,True
2018-03-01,supermarkets,meat,3635088.65418,9.950616367418572,True,True
2018-04-01,supermarkets,meat,3537305.15074,10.369149096935892,True,True
2018-05-01,supermarkets,meat,3439295.8011600003,9.78931907451827,True,True
2018-06-01,supermarkets,meat,3786047.2163765007,9.875388656626296,True,True
2018-07-01,supermarkets,meat,3902397.0372171984,9.935211396908473,True,True
2018-08-01,supermarkets,meat,4015209.773882562,10.167171076352886,True,True
2018-09-01,supermarkets,meat,4200513.124326,10.520865034526544,True,True
2018-10-01,supermarkets,meat,4495750.370688001,10.354039819915592,True,True
2018-11-01,supermarkets,meat,4504157.019552998,10.042837583649112,True,True
2018-12-01,supermarkets,meat,5446438.436359999,9.52108705444228,True,True
2019-01-01,supermarkets,meat,4540700.406096002,9.994140979978026,True,True
2019-02-01,supermarkets,meat,4861296.852190003,10.901688769624577,True,True
2019-03-01,supermarkets,meat,6187148.573530001,12.116056902460702,True,True
2019-04-01,supermarkets,meat,5891682.426951998,11.873267029330547,True,True
2019-05-01,supermarkets,meat,5732375.989020002,11.289027003037537,True,True
2019-06-01,supermarkets,meat,6000958.161809999,11.02845254771597,True,True
2019-07-01,supermarkets,meat,5890360.284974002,10.701091269126584,True,True
2019-08-01,supermarkets,meat,6419554.861526002,10.75805004714564,True,True
2019-09-01,supermarkets,meat,6359574.893425996,10.98650985575715,True,True
2019-10-01,supermarkets,meat,6957491.715031802,10.489907148425075,True,True
2019-11-01,supermarkets,meat,7072708.039418003,10.409658259619883,True,True
2019-12-01,supermarkets,meat,8877286.116902003,10.628343517298177,True,True
2020-01-01,supermarkets,meat,7726181.492612999,11.014584590654305,True,True
2020-02-01,supermarkets,meat,8316318.598123999,11.471665034212219,True,True
2020-03-01,supermarkets,meat,9503388.959340008,11.079047675388587,True,True
2020-04-01,supermarkets,meat,8667536.044389999,11.5552361735211,True,True
2020-05-01,supermarkets,meat,8676036.988140006,11.03898438107493,True,True
2020-06-01,supermarkets,meat,8376343.244301998,10.706937323946233,True,True
2020-07-01,supermarkets,meat,8463266.122629998,10.430359260821385,True,True
2020-08-01,supermarkets,meat,8611272.961889995,10.708943717987387,True,True
2020-09-01,supermarkets,meat,8411476.0623,10.916087901898795,True,True
2020-10-01,supermarkets,meat,9440006.039747994,10.580086416233845,True,True
2020-11-01,supermarkets,meat,9366000.915110003,10.281743662593087,True,True
2020-12-01,supermarkets,meat,13502805.475349994,11.659836741903844,True,True
2021-01-01,supermarkets,meat,11818373.501102002,12.05863169854333,True,True
2021-02-01,supermarkets,meat,11768651.947894003,12.660694926781312,True,True
2021-03-01,supermarkets,meat,13353172.975238996,12.453311100000041,True,True
2021-04-01,supermarkets,meat,14047026.358151,13.144008538661422,True,True
2021-05-01,supermarkets,meat,14204902.667358,12.84294732990359,True,True
2021-06-01,supermarkets,meat,14134807.87912049,12.155012460711838,True,True
2021-07-01,supermarkets,meat,15147184.62519,12.054240893219914,True,True
2021-08-01,supermarkets,meat,14736387.947459005,11.80418950535963,True,True
2021-09-01,supermarkets,meat,14721979.889489992,11.968870161867095,True,True
2021-10-01,supermarkets,meat,16349404.553150004,11.637623301045188,True,True
2021-11-01,supermarkets,meat,15761449.149065994,11.12295770348152,True,True
2021-12-01,supermarkets,meat,21265049.446353,11.558150422508259,True,True
2022-01-01,supermarkets,meat,17408486.728431,11.266382415870298,True,True
2022-02-01,supermarkets,meat,18260738.307156995,11.997654113476774,True,True
2022-03-01,supermarkets,meat,20827602.019110005,12.325300985748383,True,True
2022-04-01,supermarkets,meat,22867104.06817701,12.905247871023514,True,True
2022-05-01,supermarkets,meat,22841361.45960901,12.714964370820994,True,True
2022-06-01,supermarkets,meat,24001843.363753,12.238687259986545,True,True
2022-07-01,supermarkets,meat,26245558.340151,11.500347783828586,True,True
2022-08-01,supermarkets,meat,26159930.467330016,11.600438923284836,True,True
2022-09-01,supermarkets,meat,26557975.69872798,11.439851181105693,True,True
2022-10-01,supermarkets,meat,29618309.338459805,11.148714560085645,True,True
2022-11-01,supermarkets,meat,28227454.94620599,9.911796939266974,True,True
2022-12-01,supermarkets,meat,35530223.43827599,9.878627438395785,True,True
2023-01-01,supermarkets,meat,31489866.257925004,9.946941259509902,True,True
2023-02-01,supermarkets,meat,34743380.170503,10.91128312510538,True,True
2023-03-01,supermarkets,meat,42409217.61556202,11.678207787782577,True,True
2023-04-01,supermarkets,meat,47877583.66258003,12.409496637536083,True,True
2023-05-01,supermarkets,meat,45289025.97817999,11.645501378486548,True,True
2023-06-01,supermarkets,meat,47177777.66059998,11.079648119833559,True,True
2023-07-01,supermarkets,meat,50620919.60700004,10.487700433326639,True,True
2023-08-01,supermarkets,meat,59737409.65822999,11.115813849558961,True,True
2023-09-01,supermarkets,meat,69487352.26984997,11.978243287167892,True,True
2023-10-01,supermarkets,meat,78627482.30341998,11.099551007387738,True,True
2023-11-01,supermarkets,meat,87740555.81283997,11.479785815671915,True,True
2023-12-01,supermarkets,meat,139391152.04686007,12.152060556882263,True,True
2024-01-01,supermarkets,meat,123890863.70067996,11.245038223073186,True,True
2024-02-01,supermarkets,meat,129840909.19402994,10.883453683385046,True,True
2024-03-01,supermarkets,meat,152834248.49943998,10.740790498334269,True,True
2024-04-01,supermarkets,meat,149744054.96743998,11.215790425293132,True,True
2024-05-01,supermarkets,meat,153885541.09046003,10.89162350693203,True,True
2024-06-01,supermarkets,meat,166349910.25670007,10.851837219311113,True,True
2024-07-01,supermarkets,meat,165196254.42438015,10.400315097916133,True,True
2024-08-01,supermarkets,meat,179516947.13346013,10.759386121495087,True,True
2024-09-01,supermarkets,meat,173698592.97210008,10.958033498581225,True,True
2024-10-01,supermarkets,meat,183198604.06816992,10.786731289305349,True,True
2024-11-01,supermarkets,meat,190476101.7938701,10.441499193278306,True,True
2024-12-01,supermarkets,meat,245924676.74671,11.036858099902409,True,True
2025-01-01,supermarkets,meat,212254045.15450007,11.350264055976956,True,True
2025-02-01,supermarkets,meat,217723760.2136101,12.14728156623502,True,True
2025-03-01,supermarkets,meat,260754841.61613992,12.748329188746855,True,True
2025-04-01,supermarkets,meat,265874024.27902004,13.459397268968926,True,True
2025-05-01,supermarkets,meat,259534261.1691599,13.058824923781442,True,True
2025-06-01,supermarkets,meat,259675360.93609,12.922371970950405,True,True
2025-07-01,supermarkets,meat,266184210.57607007,12.92763035513328,True,True
2025-08-01,supermarkets,meat,273390840.54424,12.975848999459755,True,True
2025-09-01,supermarkets,meat,252178075.7791001,12.850735385189612,True,True
2025-10-01,supermarkets,meat,278088756.3449501,12.809442849203718,True,True
2025-11-01,supermarkets,meat,282515388.8468599,12.775857576764075,True,True
2025-12-01,supermarkets,meat,362868570.1842201,12.97761973762517,True,True
2026-01-01,supermarkets,meat,317064941.83984005,13.55422473094238,True,True
2026-02-01,supermarkets,meat,319701922.07608026,14.44106502311991,True,True
2026-03-01,supermarkets,meat,370008488.8222899,15.018830649863752,True,True
2026-04-01,supermarkets,meat,364850538.8848198,15.204690023896653,True,True
2026-05-01,supermarkets,meat,364806761.7800201,14.576005495642457,True,True
2017-01-01,supermarkets,fruit_and_vegetables,1050313.6382000004,3.7701226204526366,True,True
2017-02-01,supermarkets,fruit_and_vegetables,1026166.54377,3.9476750089428387,True,True
2017-03-01,supermarkets,fruit_and_vegetables,1075525.84159,3.8715823940810536,True,True
2017-04-01,supermarkets,fruit_and_vegetables,1037213.1617099998,3.560113511302545,True,True
2017-05-01,supermarkets,fruit_and_vegetables,982651.1605545904,3.5133576325108584,True,True
2017-06-01,supermarkets,fruit_and_vegetables,952203.315,3.2685020559113536,True,True
2017-07-01,supermarkets,fruit_and_vegetables,994343.577518,3.188807429798557,True,True
2017-08-01,supermarkets,fruit_and_vegetables,1060479.1620740003,3.403894124933525,True,True
2017-09-01,supermarkets,fruit_and_vegetables,1078616.457257,3.533955534029825,True,True
2017-10-01,supermarkets,fruit_and_vegetables,1147860.2917999998,3.537757790562826,True,True
2017-11-01,supermarkets,fruit_and_vegetables,1206025.3777199993,3.5862678036303124,True,True
2017-12-01,supermarkets,fruit_and_vegetables,1398334.6893299995,3.430122260606149,True,True
2018-01-01,supermarkets,fruit_and_vegetables,1318384.493770001,4.059164538568508,True,True
2018-02-01,supermarkets,fruit_and_vegetables,1248469.2865899992,3.9338191649857905,True,True
2018-03-01,supermarkets,fruit_and_vegetables,1329929.28416,3.6405208679723353,True,True
2018-04-01,supermarkets,fruit_and_vegetables,1205249.4992100005,3.5330318487511234,True,True
2018-05-01,supermarkets,fruit_and_vegetables,1155946.7557050006,3.290188538285614,True,True
2018-06-01,supermarkets,fruit_and_vegetables,1186724.081549999,3.095408182653445,True,True
2018-07-01,supermarkets,fruit_and_vegetables,1296379.3779809996,3.3004850731484106,True,True
2018-08-01,supermarkets,fruit_and_vegetables,1359742.1032454544,3.4430904889057423,True,True
2018-09-01,supermarkets,fruit_and_vegetables,1330111.0335100002,3.3314783814034015,True,True
2018-10-01,supermarkets,fruit_and_vegetables,1478760.3967899997,3.4056926586283573,True,True
2018-11-01,supermarkets,fruit_and_vegetables,1590214.2764400004,3.545672060755985,True,True
2018-12-01,supermarkets,fruit_and_vegetables,1782265.9589499992,3.115634106143116,True,True
2019-01-01,supermarkets,fruit_and_vegetables,1622205.3741000004,3.57049524462518,True,True
2019-02-01,supermarkets,fruit_and_vegetables,1607641.3985299994,3.60521208904217,True,True
2019-03-01,supermarkets,fruit_and_vegetables,1733045.1574399995,3.393756185508414,True,True
2019-04-01,supermarkets,fruit_and_vegetables,1598053.88443,3.2204927424970524,True,True
2019-05-01,supermarkets,fruit_and_vegetables,1526614.2530900007,3.006430415479654,True,True
2019-06-01,supermarkets,fruit_and_vegetables,1591347.412330001,2.924549538688766,True,True
2019-07-01,supermarkets,fruit_and_vegetables,1696455.0968254996,3.0819712117464766,True,True
2019-08-01,supermarkets,fruit_and_vegetables,1903751.83603,3.190354778662589,True,True
2019-09-01,supermarkets,fruit_and_vegetables,1949185.85839,3.367324074764965,True,True
2019-10-01,supermarkets,fruit_and_vegetables,2143017.1776677,3.23105684231654,True,True
2019-11-01,supermarkets,fruit_and_vegetables,2347744.245760001,3.4554254386219077,True,True
2019-12-01,supermarkets,fruit_and_vegetables,2838731.6731,3.3986755611827095,True,True
2020-01-01,supermarkets,fruit_and_vegetables,2685147.64368,3.8279952248063096,True,True
2020-02-01,supermarkets,fruit_and_vegetables,2778662.821100001,3.832932655306033,True,True
2020-03-01,supermarkets,fruit_and_vegetables,3248772.943099998,3.7874184122226056,True,True
2020-04-01,supermarkets,fruit_and_vegetables,2981509.85425,3.9748378712353976,True,True
2020-05-01,supermarkets,fruit_and_vegetables,2771794.5182680003,3.5267019304477647,True,True
2020-06-01,supermarkets,fruit_and_vegetables,2610763.010297,3.33716934748852,True,True
2020-07-01,supermarkets,fruit_and_vegetables,2712593.8277300005,3.3430743807354437,True,True
2020-08-01,supermarkets,fruit_and_vegetables,2842695.03008,3.5351638740583757,True,True
2020-09-01,supermarkets,fruit_and_vegetables,2932524.240359999,3.8057163980640976,True,True
2020-10-01,supermarkets,fruit_and_vegetables,3508831.9935000013,3.9325976651882657,True,True
2020-11-01,supermarkets,fruit_and_vegetables,3600215.4410800016,3.9522195898546233,True,True
2020-12-01,supermarkets,fruit_and_vegetables,4262746.599545901,3.6809335299650128,True,True
2021-01-01,supermarkets,fruit_and_vegetables,4076717.804310001,4.159594256898774,True,True
2021-02-01,supermarkets,fruit_and_vegetables,3978725.70026,4.280306063206374,True,True
2021-03-01,supermarkets,fruit_and_vegetables,4214424.174690001,3.930416796973766,True,True
2021-04-01,supermarkets,fruit_and_vegetables,4041721.714679999,3.781898273282654,True,True
2021-05-01,supermarkets,fruit_and_vegetables,3924175.620469998,3.5479286262762937,True,True
2021-06-01,supermarkets,fruit_and_vegetables,3748454.174113699,3.223425998033045,True,True
2021-07-01,supermarkets,fruit_and_vegetables,3985101.6066600033,3.1713731587288176,True,True
2021-08-01,supermarkets,fruit_and_vegetables,4074608.925539999,3.263856522289601,True,True
2021-09-01,supermarkets,fruit_and_vegetables,4184266.092729999,3.401780056929777,True,True
2021-10-01,supermarkets,fruit_and_vegetables,4785226.4022200005,3.4061584382608414,True,True
2021-11-01,supermarkets,fruit_and_vegetables,4869397.981329998,3.4363659886541233,True,True
2021-12-01,supermarkets,fruit_and_vegetables,5863700.607899003,3.1870856369098686,True,True
2022-01-01,supermarkets,fruit_and_vegetables,6138441.197065,3.9726615553849496,True,True
2022-02-01,supermarkets,fruit_and_vegetables,6436027.691499002,4.228593215045386,True,True
2022-03-01,supermarkets,fruit_and_vegetables,6886240.028899998,4.075120166902822,True,True
2022-04-01,supermarkets,fruit_and_vegetables,6510828.332191996,3.6744422565318215,True,True
2022-05-01,supermarkets,fruit_and_vegetables,6282411.8887760015,3.497192733886033,True,True
2022-06-01,supermarkets,fruit_and_vegetables,6484385.786924998,3.3064281153973742,True,True
2022-07-01,supermarkets,fruit_and_vegetables,7416452.310887001,3.2497605801320897,True,True
2022-08-01,supermarkets,fruit_and_vegetables,8458193.060855001,3.750726789061471,True,True
2022-09-01,supermarkets,fruit_and_vegetables,9223533.825968998,3.973038289135626,True,True
2022-10-01,supermarkets,fruit_and_vegetables,10909861.273368005,4.1066128331968255,True,True
2022-11-01,supermarkets,fruit_and_vegetables,11476672.499236995,4.029922200485038,True,True
2022-12-01,supermarkets,fruit_and_vegetables,14268418.298630005,3.967112358643648,True,True
2023-01-01,supermarkets,fruit_and_vegetables,15582759.208721,4.922243531956125,True,True
2023-02-01,supermarkets,fruit_and_vegetables,15392770.149382005,4.834154660696219,True,True
2023-03-01,supermarkets,fruit_and_vegetables,17092649.273992997,4.706795387617196,True,True
2023-04-01,supermarkets,fruit_and_vegetables,17159161.561060004,4.447520977574702,True,True
2023-05-01,supermarkets,fruit_and_vegetables,17242793.635139994,4.433766739512717,True,True
2023-06-01,supermarkets,fruit_and_vegetables,17622533.653760005,4.138632244787737,True,True
2023-07-01,supermarkets,fruit_and_vegetables,19597904.85778,4.060316502839888,True,True
2023-08-01,supermarkets,fruit_and_vegetables,22871543.665379997,4.255889622448629,True,True
2023-09-01,supermarkets,fruit_and_vegetables,25703599.32283002,4.430791446033127,True,True
2023-10-01,supermarkets,fruit_and_vegetables,29168220.24688001,4.1175698234316025,True,True
2023-11-01,supermarkets,fruit_and_vegetables,33724944.10653,4.412499230279721,True,True
2023-12-01,supermarkets,fruit_and_vegetables,44929280.57403995,3.9169153156101357,True,True
2024-01-01,supermarkets,fruit_and_vegetables,47993638.64680002,4.356175144210144,True,True
2024-02-01,supermarkets,fruit_and_vegetables,52081723.84047,4.3655657734308955,True,True
2024-03-01,supermarkets,fruit_and_vegetables,59737392.75330001,4.198187427095297,True,True
2024-04-01,supermarkets,fruit_and_vegetables,59332876.94173,4.444016914413386,True,True
2024-05-01,supermarkets,fruit_and_vegetables,60571473.03929002,4.287093348272534,True,True
2024-06-01,supermarkets,fruit_and_vegetables,66115329.39735003,4.313033840619577,True,True
2024-07-01,supermarkets,fruit_and_vegetables,72017089.42422,4.53400366162389,True,True
2024-08-01,supermarkets,fruit_and_vegetables,81294294.41395997,4.872390696484084,True,True
2024-09-01,supermarkets,fruit_and_vegetables,77690730.77871,4.9012350407415415,True,True
2024-10-01,supermarkets,fruit_and_vegetables,82210113.06482007,4.840530327205149,True,True
2024-11-01,supermarkets,fruit_and_vegetables,85782357.24315003,4.7024083626048245,True,True
2024-12-01,supermarkets,fruit_and_vegetables,91564976.37987998,4.1093462624188275,True,True
2025-01-01,supermarkets,fruit_and_vegetables,90017145.61495002,4.813657951966476,True,True
2025-02-01,supermarkets,fruit_and_vegetables,84141551.1233,4.69443992659186,True,True
2025-03-01,supermarkets,fruit_and_vegetables,96805734.42675,4.732841630788824,True,True
2025-04-01,supermarkets,fruit_and_vegetables,91044099.33404005,4.608944801039782,True,True
2025-05-01,supermarkets,fruit_and_vegetables,85254333.40379006,4.289689572769519,True,True
2025-06-01,supermarkets,fruit_and_vegetables,79047929.73752001,3.933706871223677,True,True
2025-07-01,supermarkets,fruit_and_vegetables,85358576.33780995,4.14556565976433,True,True
2025-08-01,supermarkets,fruit_and_vegetables,91925863.96253996,4.363043500463493,True,True
2025-09-01,supermarkets,fruit_and_vegetables,90479387.98782006,4.6107365569078675,True,True
2025-10-01,supermarkets,fruit_and_vegetables,101664328.13701998,4.682905624053646,True,True
2025-11-01,supermarkets,fruit_and_vegetables,106837147.86780004,4.831369330491846,True,True
2025-12-01,supermarkets,fruit_and_vegetables,122131056.27477996,4.367891122904201,True,True
2026-01-01,supermarkets,fruit_and_vegetables,124529955.96107,5.323537187795798,True,True
2026-02-01,supermarkets,fruit_and_vegetables,115276318.85928,5.20707791014347,True,True
2026-03-01,supermarkets,fruit_and_vegetables,118308652.37658,4.802207700999142,True,True
2026-04-01,supermarkets,fruit_and_vegetables,106751142.34106004,4.448720382745801,True,True
2026-05-01,supermarkets,fruit_and_vegetables,103700307.43162996,4.143388800273151,True,True
2017-01-01,supermarkets,prepared_food,340777.38815,1.2232275130739922,True,False
2017-02-01,supermarkets,prepared_food,328288.69508000003,1.262930549776573,True,False
2017-03-01,supermarkets,prepared_food,353335.15475999995,1.2719045061310585,True,False
2017-04-01,supermarkets,prepared_food,359694.4537399999,1.2346093666890807,True,False
2017-05-01,supermarkets,prepared_food,336568.00849,1.2033606929441254,True,False
2017-06-01,supermarkets,prepared_food,345114.11993,1.1846274768695197,True,False
2017-07-01,supermarkets,prepared_food,380008.1679265002,1.2186661599332607,True,False
2017-08-01,supermarkets,prepared_food,370191.1923082999,1.1882285571137223,True,False
2017-09-01,supermarkets,prepared_food,362573.6632661001,1.1879284755687751,True,False
2017-10-01,supermarkets,prepared_food,381176.12414,1.1748022057964773,True,False
2017-11-01,supermarkets,prepared_food,369678.34027,1.0992849353768679,True,False
2017-12-01,supermarkets,prepared_food,476275.0587,1.1683051943745568,True,False
2018-01-01,supermarkets,prepared_food,392859.4821099998,1.2095722347744031,True,False
2018-02-01,supermarkets,prepared_food,387396.60138,1.2206533162873663,True,False
2018-03-01,supermarkets,prepared_food,438291.74747,1.1997707486623272,True,False
2018-04-01,supermarkets,prepared_food,402471.0071000001,1.179791310608529,True,False
2018-05-01,supermarkets,prepared_food,392629.88676,1.117548318580001,True,False
2018-06-01,supermarkets,prepared_food,410556.1290099997,1.070879761297347,True,False
2018-07-01,supermarkets,prepared_food,445756.3830439999,1.1348624588495342,True,False
2018-08-01,supermarkets,prepared_food,437960.5554911629,1.1089881085011106,True,False
2018-09-01,supermarkets,prepared_food,445612.1843200001,1.1161078444966277,True,False
2018-10-01,supermarkets,prepared_food,465288.69512,1.0715936784301012,True,False
2018-11-01,supermarkets,prepared_food,472385.6955100001,1.0532698563241625,True,False
2018-12-01,supermarkets,prepared_food,602646.8070099999,1.0535054751226836,True,False
2019-01-01,supermarkets,prepared_food,492671.28554,1.0843759429411841,True,False
2019-02-01,supermarkets,prepared_food,487345.4749599999,1.0928953431233772,True,False
2019-03-01,supermarkets,prepared_food,560791.4093200001,1.0981764127664528,True,False
2019-04-01,supermarkets,prepared_food,539774.5820100001,1.087785675367025,True,False
2019-05-01,supermarkets,prepared_food,543928.4603799997,1.0711828897322917,True,False
2019-06-01,supermarkets,prepared_food,590336.9223500001,1.084910535909815,True,False
2019-07-01,supermarkets,prepared_food,584032.4124300003,1.0610189949644475,True,False
2019-08-01,supermarkets,prepared_food,617698.5667000002,1.0351546544816166,True,False
2019-09-01,supermarkets,prepared_food,605838.3530400002,1.0466185473419167,True,False
2019-10-01,supermarkets,prepared_food,669988.3783209999,1.010150808218254,True,False
2019-11-01,supermarkets,prepared_food,679345.7818199997,0.9998655945428233,True,False
2019-12-01,supermarkets,prepared_food,883049.9169199999,1.0572327777154804,True,False
2020-01-01,supermarkets,prepared_food,743666.0235899996,1.0601837831351943,True,False
2020-02-01,supermarkets,prepared_food,770114.0014599998,1.0623077697983851,True,False
2020-03-01,supermarkets,prepared_food,706232.93299,0.8233261174515909,True,False
2020-04-01,supermarkets,prepared_food,462785.37682,0.6169682248126618,True,False
2020-05-01,supermarkets,prepared_food,495195.6093780001,0.6300637727770385,True,False
2020-06-01,supermarkets,prepared_food,492194.6345329999,0.6291405389472662,True,False
2020-07-01,supermarkets,prepared_food,518942.5376,0.6395588918582028,True,False
2020-08-01,supermarkets,prepared_food,552759.8525800002,0.687409884350365,True,False
2020-09-01,supermarkets,prepared_food,547489.9053800001,0.7105111978284772,True,False
2020-10-01,supermarkets,prepared_food,620579.6498599998,0.6955277672523837,True,False
2020-11-01,supermarkets,prepared_food,630822.7059500002,0.6925001842203066,True,False
2020-12-01,supermarkets,prepared_food,881476.7887600001,0.7611659271461777,True,False
2021-01-01,supermarkets,prepared_food,788246.1858699998,0.8042706081595364,True,False
2021-02-01,supermarkets,prepared_food,757531.31546,0.8149508478104562,True,False
2021-03-01,supermarkets,prepared_food,891016.0557399999,0.8309710476903786,True,False
2021-04-01,supermarkets,prepared_food,912712.9804400002,0.8540389191545303,True,False
2021-05-01,supermarkets,prepared_food,892263.37775,0.8067138391013319,True,False
2021-06-01,supermarkets,prepared_food,914622.5901,0.7865157471249468,True,False
2021-07-01,supermarkets,prepared_food,1052052.78578,0.8372313420597879,True,False
2021-08-01,supermarkets,prepared_food,1087448.22847,0.8710713243906478,True,False
2021-09-01,supermarkets,prepared_food,1103823.9453499997,0.897401408141151,True,False
2021-10-01,supermarkets,prepared_food,1226503.6624200002,0.8730340945564402,True,False
2021-11-01,supermarkets,prepared_food,1213625.2297580007,0.8564632586005726,True,False
2021-12-01,supermarkets,prepared_food,1679028.6847859998,0.9125991524929673,True,False
2022-01-01,supermarkets,prepared_food,1401929.4287530005,0.9072973033663245,True,False
2022-02-01,supermarkets,prepared_food,1370639.5888319996,0.9005364090125108,True,False
2022-03-01,supermarkets,prepared_food,1589119.30484,0.9404046474695023,True,False
2022-04-01,supermarkets,prepared_food,1715918.812987,0.9683936165299941,True,False
2022-05-01,supermarkets,prepared_food,1779482.8568459994,0.9905741023053247,True,False
2022-06-01,supermarkets,prepared_food,1871697.15764,0.9543898695862448,True,False
2022-07-01,supermarkets,prepared_food,2122237.109516,0.9299274384970351,True,False
2022-08-01,supermarkets,prepared_food,2216968.728737999,0.9830993383057889,True,False
2022-09-01,supermarkets,prepared_food,2319613.128693,0.999173630212255,True,False
2022-10-01,supermarkets,prepared_food,2568404.741253,0.9667807506425808,True,False
2022-11-01,supermarkets,prepared_food,2676359.2458199994,0.939777582911812,True,False
2022-12-01,supermarkets,prepared_food,3590640.4139869995,0.9983218646695314,True,False
2023-01-01,supermarkets,prepared_food,3226821.4457770004,1.0192803968480761,True,False
2023-02-01,supermarkets,prepared_food,3258742.497198001,1.0234197664200828,True,False
2023-03-01,supermarkets,prepared_food,3865569.6340740006,1.0644602268798682,True,False
2023-04-01,supermarkets,prepared_food,4164169.802659997,1.0793203668844853,True,False
2023-05-01,supermarkets,prepared_food,4255904.661449999,1.0943521643742582,True,False
2023-06-01,supermarkets,prepared_food,4501863.43834,1.0572575745128239,True,False
2023-07-01,supermarkets,prepared_food,4951871.398909997,1.0259344203803162,True,False
2023-08-01,supermarkets,prepared_food,5495798.50831,1.0226468392681873,True,False
2023-09-01,supermarkets,prepared_food,6036844.217159999,1.0406323792430663,True,False
2023-10-01,supermarkets,prepared_food,6867532.986969995,0.9694642439349197,True,False
2023-11-01,supermarkets,prepared_food,7401603.01747,0.9684098367741615,True,False
2023-12-01,supermarkets,prepared_food,11123191.186220009,0.9697150134413387,True,False
2024-01-01,supermarkets,prepared_food,10332825.6665,0.9378659257139919,True,False
2024-02-01,supermarkets,prepared_food,11358617.93256,0.9520958605700186,True,False
2024-03-01,supermarkets,prepared_food,13247092.833599996,0.9309709717204138,True,False
2024-04-01,supermarkets,prepared_food,12716465.08092,0.9524598978514981,True,False
2024-05-01,supermarkets,prepared_food,13554023.784929998,0.9593190043935277,True,False
2024-06-01,supermarkets,prepared_food,15176103.199570008,0.9900131673714991,True,False
2024-07-01,supermarkets,prepared_food,16323960.63454,1.02771297591926,True,False
2024-08-01,supermarkets,prepared_food,17476384.307760008,1.0474507826552701,True,False
2024-09-01,supermarkets,prepared_food,16914517.39049,1.0670774299656844,True,False
2024-10-01,supermarkets,prepared_food,17852273.126829997,1.0511415963123056,True,False
2024-11-01,supermarkets,prepared_food,19033314.36041001,1.0433662526058125,True,False
2024-12-01,supermarkets,prepared_food,24363470.95206999,1.0934086618564114,True,False
2025-01-01,supermarkets,prepared_food,20979653.509830005,1.1218848948963163,True,False
2025-02-01,supermarkets,prepared_food,20486511.636459988,1.1429869891732352,True,False
2025-03-01,supermarkets,prepared_food,23365341.457549997,1.14233378242241,True,False
2025-04-01,supermarkets,prepared_food,22587461.625290006,1.143449873062151,True,False
2025-05-01,supermarkets,prepared_food,22905891.08423,1.1525415567280424,True,False
2025-06-01,supermarkets,prepared_food,22344470.390090004,1.1119405277179706,True,False
2025-07-01,supermarkets,prepared_food,23964804.124189988,1.1638861996367917,True,False
2025-08-01,supermarkets,prepared_food,24300997.734949995,1.153389325396579,True,False
2025-09-01,supermarkets,prepared_food,22867192.154210016,1.1652885940546596,True,False
2025-10-01,supermarkets,prepared_food,24944450.68647,1.1490019218064667,True,False
2025-11-01,supermarkets,prepared_food,25628987.460140005,1.1589892322818172,True,False
2025-12-01,supermarkets,prepared_food,32780209.190970007,1.1723503349552813,True,False
2026-01-01,supermarkets,prepared_food,27801038.4211,1.1884679533680451,True,False
2026-02-01,supermarkets,prepared_food,26302909.204569995,1.1881130387136758,True,False
2026-03-01,supermarkets,prepared_food,29196717.209620003,1.1851094354590639,True,False
2026-04-01,supermarkets,prepared_food,28377562.64165,1.182599441729782,True,False
2026-05-01,supermarkets,prepared_food,28575260.989009995,1.1417364063728246,True,False
2017-01-01,supermarkets,cleaning_and_personal_care,4397543.670590001,15.785074347251937,True,True
2017-02-01,supermarkets,cleaning_and_personal_care,4053283.77082,15.59303130994115,True,True
2017-03-01,supermarkets,cleaning_and_personal_care,4354197.610579998,15.67385380954667,True,True
2017-04-01,supermarkets,cleaning_and_personal_care,4355706.64557,14.950456331077369,True,True
2017-05-01,supermarkets,cleaning_and_personal_care,4206101.6051087,15.038438634809784,True,True
2017-06-01,supermarkets,cleaning_and_personal_care,4277889.538620001,14.684144165094768,True,True
2017-07-01,supermarkets,cleaning_and_personal_care,4599798.333679999,14.75131074776644,True,True
2017-08-01,supermarkets,cleaning_and_personal_care,4585003.763950002,14.716807206645013,True,True
2017-09-01,supermarkets,cleaning_and_personal_care,4708171.561280001,15.425751046354453,True,True
2017-10-01,supermarkets,cleaning_and_personal_care,4889144.438340002,15.068566226644913,True,True
2017-11-01,supermarkets,cleaning_and_personal_care,4988358.59175,14.833510256953367,True,True
2017-12-01,supermarkets,cleaning_and_personal_care,5239243.108389994,12.851890575228916,True,True
2018-01-01,supermarkets,cleaning_and_personal_care,4989430.335300002,15.36192118491419,True,True
2018-02-01,supermarkets,cleaning_and_personal_care,4725277.135080001,14.88894116459858,True,True
2018-03-01,supermarkets,cleaning_and_personal_care,5341668.284599996,14.622172089514443,True,True
2018-04-01,supermarkets,cleaning_and_personal_care,5038590.881000004,14.769972580007929,True,True
2018-05-01,supermarkets,cleaning_and_personal_care,4862993.325099997,13.841610628722353,True,True
2018-06-01,supermarkets,cleaning_and_personal_care,5109867.417749999,13.32839340086415,True,True
2018-07-01,supermarkets,cleaning_and_personal_care,5496160.817630002,13.992814947783636,True,True
2018-08-01,supermarkets,cleaning_and_personal_care,5542025.025539442,14.03331823672148,True,True
2018-09-01,supermarkets,cleaning_and_personal_care,6102652.803990001,15.285081751448146,True,True
2018-10-01,supermarkets,cleaning_and_personal_care,6486922.170950002,14.93985317882118,True,True
2018-11-01,supermarkets,cleaning_and_personal_care,6809307.630779995,15.182590281857594,True,True
2018-12-01,supermarkets,cleaning_and_personal_care,7737390.299399996,13.525970682598798,True,True
2019-01-01,supermarkets,cleaning_and_personal_care,7273538.278630001,16.009152879212884,True,True
2019-02-01,supermarkets,cleaning_and_personal_care,6902733.48878,15.479707255573954,True,True
2019-03-01,supermarkets,cleaning_and_personal_care,7753557.686829997,15.183496082840318,True,True
2019-04-01,supermarkets,cleaning_and_personal_care,7347464.876629998,14.8070459585153,True,True
2019-05-01,supermarkets,cleaning_and_personal_care,7602583.365409999,14.972110878517253,True,True
2019-06-01,supermarkets,cleaning_and_personal_care,8048845.872799999,14.79202360332417,True,True
2019-07-01,supermarkets,cleaning_and_personal_care,7868920.346770002,14.295566102310946,True,True
2019-08-01,supermarkets,cleaning_and_personal_care,8632826.213409996,14.467105345385068,True,True
2019-09-01,supermarkets,cleaning_and_personal_care,8902170.017649997,15.378980556961277,True,True
2019-10-01,supermarkets,cleaning_and_personal_care,10075045.155853303,15.190285886040458,True,True
2019-11-01,supermarkets,cleaning_and_personal_care,10247962.264920006,15.083018334809662,True,True
2019-12-01,supermarkets,cleaning_and_personal_care,11316019.271300009,13.548120279096596,True,True
2020-01-01,supermarkets,cleaning_and_personal_care,11066696.534919992,15.776883475947464,True,True
2020-02-01,supermarkets,cleaning_and_personal_care,10866053.983480005,14.988811464037582,True,True
2020-03-01,supermarkets,cleaning_and_personal_care,14387138.382409992,16.772521122002257,True,True
2020-04-01,supermarkets,cleaning_and_personal_care,10786534.828350002,14.380206415890031,True,True
2020-05-01,supermarkets,cleaning_and_personal_care,11160547.922520002,14.200160092603387,True,True
2020-06-01,supermarkets,cleaning_and_personal_care,10828484.987,13.84135137346118,True,True
2020-07-01,supermarkets,cleaning_and_personal_care,11217153.18945,13.82432455205296,True,True
2020-08-01,supermarkets,cleaning_and_personal_care,11365760.88953999,14.134413601432517,True,True
2020-09-01,supermarkets,cleaning_and_personal_care,11089691.915189998,14.39177272271632,True,True
2020-10-01,supermarkets,cleaning_and_personal_care,12442138.224310003,13.944789554333836,True,True
2020-11-01,supermarkets,cleaning_and_personal_care,12606465.75472,13.839038726996197,True,True
2020-12-01,supermarkets,cleaning_and_personal_care,14197119.00349,12.259384917324615,True,True
2021-01-01,supermarkets,cleaning_and_personal_care,14237729.536586002,14.527171331076447,True,True
2021-02-01,supermarkets,cleaning_and_personal_care,13331244.025280004,14.341728716749913,True,True
2021-03-01,supermarkets,cleaning_and_personal_care,14963310.658660004,13.954942624032352,True,True
2021-04-01,supermarkets,cleaning_and_personal_care,14912712.276949998,13.954043546667968,True,True
2021-05-01,supermarkets,cleaning_and_personal_care,14517188.309739998,13.125291260792563,True,True
2021-06-01,supermarkets,cleaning_and_personal_care,14484893.559882898,12.45606330260334,True,True
2021-07-01,supermarkets,cleaning_and_personal_care,15724007.710100004,12.513280945238044,True,True
2021-08-01,supermarkets,cleaning_and_personal_care,15920169.137190009,12.752425772366587,True,True
2021-09-01,supermarkets,cleaning_and_personal_care,16336755.107220002,13.281671501543471,True,True
2021-10-01,supermarkets,cleaning_and_personal_care,18501724.822480004,13.16966028968529,True,True
2021-11-01,supermarkets,cleaning_and_personal_care,18664160.81802101,13.17142030446654,True,True
2021-12-01,supermarkets,cleaning_and_personal_care,21753939.72703201,11.8238759934008,True,True
2022-01-01,supermarkets,cleaning_and_personal_care,21330213.29316198,13.804435946771243,True,True
2022-02-01,supermarkets,cleaning_and_personal_care,20305446.862753984,13.341066718174394,True,True
2022-03-01,supermarkets,cleaning_and_personal_care,22942013.09168,13.57656134942888,True,True
2022-04-01,supermarkets,cleaning_and_personal_care,23135401.469793998,13.056663829104417,True,True
2022-05-01,supermarkets,cleaning_and_personal_care,23580006.796904,13.126141662638155,True,True
2022-06-01,supermarkets,cleaning_and_personal_care,24942763.324251,12.718468123426582,True,True
2022-07-01,supermarkets,cleaning_and_personal_care,29661826.55732899,12.997297176605759,True,True
2022-08-01,supermarkets,cleaning_and_personal_care,29701525.899293,13.17093474515941,True,True
2022-09-01,supermarkets,cleaning_and_personal_care,31549797.519793008,13.590079022390867,True,True
2022-10-01,supermarkets,cleaning_and_personal_care,34883924.96952402,13.130760360979185,True,True
2022-11-01,supermarkets,cleaning_and_personal_care,36853298.44458997,12.940678195080293,True,True
2022-12-01,supermarkets,cleaning_and_personal_care,42596337.785191,11.843250914280793,True,True
2023-01-01,supermarkets,cleaning_and_personal_care,43916900.332911976,13.872362122252193,True,True
2023-02-01,supermarkets,cleaning_and_personal_care,42402304.91883903,13.316595905636747,True,True
2023-03-01,supermarkets,cleaning_and_personal_care,50001611.94448702,13.768922108044702,True,True
2023-04-01,supermarkets,cleaning_and_personal_care,51217629.361540005,13.275210458069923,True,True
2023-05-01,supermarkets,cleaning_and_personal_care,51797044.43213998,13.318956177742368,True,True
2023-06-01,supermarkets,cleaning_and_personal_care,55025136.06765001,12.922591431954512,True,True
2023-07-01,supermarkets,cleaning_and_personal_care,61525726.51527,12.746970889594511,True,True
2023-08-01,supermarkets,cleaning_and_personal_care,69101232.15538998,12.85821460637522,True,True
2023-09-01,supermarkets,cleaning_and_personal_care,74916028.05417,12.91403947377776,True,True
2023-10-01,supermarkets,cleaning_and_personal_care,90536867.61423,12.780754905203764,True,True
2023-11-01,supermarkets,cleaning_and_personal_care,96681658.65979,12.649620502584852,True,True
2023-12-01,supermarkets,cleaning_and_personal_care,141596244.98226005,12.34429960857993,True,True
2024-01-01,supermarkets,cleaning_and_personal_care,169098515.11526,15.348341347672608,True,True
2024-02-01,supermarkets,cleaning_and_personal_care,185386223.02430004,15.539342602781394,True,True
2024-03-01,supermarkets,cleaning_and_personal_care,219272604.36315003,15.409904053654316,True,True
2024-04-01,supermarkets,cleaning_and_personal_care,200297005.3947301,15.00219314756484,True,True
2024-05-01,supermarkets,cleaning_and_personal_care,207431726.2072599,14.681485013035713,True,True
2024-06-01,supermarkets,cleaning_and_personal_care,220692216.42082,14.396857831014415,True,True
2024-07-01,supermarkets,cleaning_and_personal_care,217780603.32597,13.710885302433928,True,True
2024-08-01,supermarkets,cleaning_and_personal_care,236575349.02084005,14.179193483333503,True,True
2024-09-01,supermarkets,cleaning_and_personal_care,237047211.47775,14.954475103524187,True,True
2024-10-01,supermarkets,cleaning_and_personal_care,251665925.7949201,14.81808625143189,True,True
2024-11-01,supermarkets,cleaning_and_personal_care,265386287.15795016,14.547917965402412,True,True
2024-12-01,supermarkets,cleaning_and_personal_care,283513329.85618,12.723799955529861,True,True
2025-01-01,supermarkets,cleaning_and_personal_care,269749096.1901099,14.424806219312527,True,True
2025-02-01,supermarkets,cleaning_and_personal_care,250402286.85362,13.970487558435673,True,True
2025-03-01,supermarkets,cleaning_and_personal_care,287502674.54224026,14.056033303132981,True,True
2025-04-01,supermarkets,cleaning_and_personal_care,253753438.36322,12.845814270720776,True,True
2025-05-01,supermarkets,cleaning_and_personal_care,267959757.06126997,13.482765390274965,True,True
2025-06-01,supermarkets,cleaning_and_personal_care,260192590.74167,12.948111170534354,True,True
2025-07-01,supermarkets,cleaning_and_personal_care,263072546.6056499,12.776507786623595,True,True
2025-08-01,supermarkets,cleaning_and_personal_care,273143223.0310401,12.964096420424893,True,True
2025-09-01,supermarkets,cleaning_and_personal_care,267501397.95122,13.631596123568846,True,True
2025-10-01,supermarkets,cleaning_and_personal_care,297617585.85869986,13.708988119771659,True,True
2025-11-01,supermarkets,cleaning_and_personal_care,301123376.0501198,13.617344460963373,True,True
2025-12-01,supermarkets,cleaning_and_personal_care,339638077.28567,12.14680514543844,True,True
2026-01-01,supermarkets,cleaning_and_personal_care,330300381.29726017,14.120027180679234,True,True
2026-02-01,supermarkets,cleaning_and_personal_care,304437997.5810901,13.751587384985193,True,True
2026-03-01,supermarkets,cleaning_and_personal_care,335009614.16018975,13.59820872532637,True,True
2026-04-01,supermarkets,cleaning_and_personal_care,317617263.92798007,13.236302347322745,True,True
2026-05-01,supermarkets,cleaning_and_personal_care,327068227.40579987,13.06814670006502,True,True
2017-01-01,supermarkets,clothing_and_home_textiles,772371.8476499999,2.772444790126177,True,True
2017-02-01,supermarkets,clothing_and_home_textiles,672290.51653,2.586309685272301,True,True
2017-03-01,supermarkets,clothing_and_home_textiles,667696.6653099998,2.4035151495562728,True,True
2017-04-01,supermarkets,clothing_and_home_textiles,838948.2457500004,2.879592252815267,True,True
2017-05-01,supermarkets,clothing_and_home_textiles,915895.14981,3.27467909705468,True,True
2017-06-01,supermarkets,clothing_and_home_textiles,1001572.00219,3.437963402071611,True,True
2017-07-01,supermarkets,clothing_and_home_textiles,1026743.4961478,3.2927122606714696,True,True
2017-08-01,supermarkets,clothing_and_home_textiles,786415.4840322,2.524212772478001,True,True
2017-09-01,supermarkets,clothing_and_home_textiles,740572.7169650001,2.4263963653267178,True,True
2017-10-01,supermarkets,clothing_and_home_textiles,870481.0824900001,2.6828624120165423,True,True
2017-11-01,supermarkets,clothing_and_home_textiles,864815.70133,2.5716380128062344,True,True
2017-12-01,supermarkets,clothing_and_home_textiles,1278355.0180100007,3.135811503277998,True,True
2018-01-01,supermarkets,clothing_and_home_textiles,931581.0564099996,2.868238216431383,True,True
2018-02-01,supermarkets,clothing_and_home_textiles,905082.79401,2.8518379100059352,True,True
2018-03-01,supermarkets,clothing_and_home_textiles,964070.681,2.6390271078191825,True,True
2018-04-01,supermarkets,clothing_and_home_textiles,953653.69898,2.7955115462683113,True,True
2018-05-01,supermarkets,clothing_and_home_textiles,1148685.7329599997,3.2695213806557955,True,True
2018-06-01,supermarkets,clothing_and_home_textiles,1426312.599570001,3.7203422095927814,True,True
2018-07-01,supermarkets,clothing_and_home_textiles,1357253.2361400006,3.4554653695116877,True,True
2018-08-01,supermarkets,clothing_and_home_textiles,964553.392391654,2.4424077208896815,True,True
2018-09-01,supermarkets,clothing_and_home_textiles,853166.7950261999,2.1368943357010672,True,True
2018-10-01,supermarkets,clothing_and_home_textiles,1010425.31317,2.3270829260948998,True,True
2018-11-01,supermarkets,clothing_and_home_textiles,1023726.6606099998,2.2825848517106144,True,True
2018-12-01,supermarkets,clothing_and_home_textiles,1732097.963240001,3.027933885148603,True,True
2019-01-01,supermarkets,clothing_and_home_textiles,1296604.24847,2.853842908695453,True,True
2019-02-01,supermarkets,clothing_and_home_textiles,1078456.14302,2.418489053511981,True,True
2019-03-01,supermarkets,clothing_and_home_textiles,1250658.57433,2.4491169513789894,True,True
2019-04-01,supermarkets,clothing_and_home_textiles,1179040.51368,2.376072205331673,True,True
2019-05-01,supermarkets,clothing_and_home_textiles,1504788.00793,2.9634470048558357,True,True
2019-06-01,supermarkets,clothing_and_home_textiles,1826746.71137,3.357162119751188,True,True
2019-07-01,supermarkets,clothing_and_home_textiles,1715793.10165,3.117102807197043,True,True
2019-08-01,supermarkets,clothing_and_home_textiles,1208097.67593,2.024560197684141,True,True
2019-09-01,supermarkets,clothing_and_home_textiles,1202878.6177499995,2.078037920875959,True,True
2019-10-01,supermarkets,clothing_and_home_textiles,1410451.3561100003,2.1265571514800583,True,True
2019-11-01,supermarkets,clothing_and_home_textiles,1572523.6138899997,2.3144506085287735,True,True
2019-12-01,supermarkets,clothing_and_home_textiles,2197595.46859,2.6310743221131463,True,True
2020-01-01,supermarkets,clothing_and_home_textiles,1775180.1644500005,2.5307290676100025,True,True
2020-02-01,supermarkets,clothing_and_home_textiles,1867271.73628,2.5757449806321895,True,True
2020-03-01,supermarkets,clothing_and_home_textiles,1048525.30742,1.2223704532624338,True,True
2020-04-01,supermarkets,clothing_and_home_textiles,1071185.00366,1.4280639433667892,True,True
2020-05-01,supermarkets,clothing_and_home_textiles,2199429.0915410006,2.798450885121,True,True
2020-06-01,supermarkets,clothing_and_home_textiles,2556936.805371999,3.2683667941893932,True,True
2020-07-01,supermarkets,clothing_and_home_textiles,2502616.618500001,3.0842927594181924,True,True
2020-08-01,supermarkets,clothing_and_home_textiles,1651664.5783599997,2.0540032918395084,True,True
2020-09-01,supermarkets,clothing_and_home_textiles,1599708.8727500006,2.0760402268340457,True,True
2020-10-01,supermarkets,clothing_and_home_textiles,1961731.83342,2.198652441075613,True,True
2020-11-01,supermarkets,clothing_and_home_textiles,2071758.2335799995,2.274320415041944,True,True
2020-12-01,supermarkets,clothing_and_home_textiles,3022975.1977700004,2.610375847091071,True,True
2021-01-01,supermarkets,clothing_and_home_textiles,2206737.4643899994,2.251598693845233,True,True
2021-02-01,supermarkets,clothing_and_home_textiles,1985959.50775,2.1364917218970847,True,True
2021-03-01,supermarkets,clothing_and_home_textiles,2205228.88445,2.0566199056722976,True,True
2021-04-01,supermarkets,clothing_and_home_textiles,2217601.19947,2.075041959629116,True,True
2021-05-01,supermarkets,clothing_and_home_textiles,2686103.389350001,2.4285618254443015,True,True
2021-06-01,supermarkets,clothing_and_home_textiles,3640081.8683,3.1302328864727946,True,True
2021-07-01,supermarkets,clothing_and_home_textiles,4051857.5073,3.224497995275681,True,True
2021-08-01,supermarkets,clothing_and_home_textiles,2944642.77484,2.358727353251643,True,True
2021-09-01,supermarkets,clothing_and_home_textiles,2805934.3052500007,2.2812056282077586,True,True
2021-10-01,supermarkets,clothing_and_home_textiles,3328328.42133,2.3691280170896616,True,True
2021-11-01,supermarkets,clothing_and_home_textiles,3209173.082996,2.2647344243363032,True,True
2021-12-01,supermarkets,clothing_and_home_textiles,4759532.633839998,2.5869393937475276,True,True
2022-01-01,supermarkets,clothing_and_home_textiles,3782646.219391001,2.4480438487513507,True,True
2022-02-01,supermarkets,clothing_and_home_textiles,3875499.176168,2.5462770371395202,True,True
2022-03-01,supermarkets,clothing_and_home_textiles,3912852.42572,2.315537036648038,True,True
2022-04-01,supermarkets,clothing_and_home_textiles,4224451.169879001,2.3841055388466583,True,True
2022-05-01,supermarkets,clothing_and_home_textiles,5211100.628950998,2.900832288261026,True,True
2022-06-01,supermarkets,clothing_and_home_textiles,6343019.158364001,3.2343444037533953,True,True
2022-07-01,supermarkets,clothing_and_home_textiles,6649201.806195998,2.9135647359855414,True,True
2022-08-01,supermarkets,clothing_and_home_textiles,4892813.351254001,2.1696839949608493,True,True
2022-09-01,supermarkets,clothing_and_home_textiles,4467042.800069,1.9241792157700717,True,True
2022-10-01,supermarkets,clothing_and_home_textiles,5416859.825269,2.0389760709771796,True,True
2022-11-01,supermarkets,clothing_and_home_textiles,5583943.636027001,1.960747631909721,True,True
2022-12-01,supermarkets,clothing_and_home_textiles,7937305.881569003,2.206844767098724,True,True
2023-01-01,supermarkets,clothing_and_home_textiles,7352668.56084,2.3225428039699767,True,True
2023-02-01,supermarkets,clothing_and_home_textiles,7182705.015813998,2.2557542659075827,True,True
2023-03-01,supermarkets,clothing_and_home_textiles,6630788.713100998,1.8259174005620402,True,True
2023-04-01,supermarkets,clothing_and_home_textiles,7653756.199010002,1.983793971005456,True,True
2023-05-01,supermarkets,clothing_and_home_textiles,8451467.12578,2.1731880944165964,True,True
2023-06-01,supermarkets,clothing_and_home_textiles,11675799.12199,2.742048316055963,True,True
2023-07-01,supermarkets,clothing_and_home_textiles,14038273.508909997,2.908465675961246,True,True
2023-08-01,supermarkets,clothing_and_home_textiles,10957550.398660002,2.0389583541623244,True,True
2023-09-01,supermarkets,clothing_and_home_textiles,10920465.011819998,1.8824718808194005,True,True
2023-10-01,supermarkets,clothing_and_home_textiles,15242733.918270005,2.151760398037292,True,True
2023-11-01,supermarkets,clothing_and_home_textiles,14869768.540459998,1.9455285687638264,True,True
2023-12-01,supermarkets,clothing_and_home_textiles,22635382.477000017,1.9733428883364479,True,True
2024-01-01,supermarkets,clothing_and_home_textiles,17745002.369910013,1.6106371685345449,True,True
2024-02-01,supermarkets,clothing_and_home_textiles,17652421.454309996,1.4796516174303633,True,True
2024-03-01,supermarkets,clothing_and_home_textiles,18901299.154089995,1.3283337756665663,True,True
2024-04-01,supermarkets,clothing_and_home_textiles,25148334.095969997,1.8836036250453037,True,True
2024-05-01,supermarkets,clothing_and_home_textiles,34255564.24222999,2.4245208880577693,True,True
2024-06-01,supermarkets,clothing_and_home_textiles,41744983.86414002,2.7232342290859193,True,True
2024-07-01,supermarkets,clothing_and_home_textiles,41299062.77707001,2.6000787222858306,True,True
2024-08-01,supermarkets,clothing_and_home_textiles,31225381.436839987,1.871499827925192,True,True
2024-09-01,supermarkets,clothing_and_home_textiles,25532444.336560003,1.6107521399763143,True,True
2024-10-01,supermarkets,clothing_and_home_textiles,31221653.212119997,1.8383305119601063,True,True
2024-11-01,supermarkets,clothing_and_home_textiles,34719218.16559,1.9032345005651947,True,True
2024-12-01,supermarkets,clothing_and_home_textiles,51383626.32076,2.306046712606792,True,True
2025-01-01,supermarkets,clothing_and_home_textiles,40628733.5739,2.172617506479237,True,True
2025-02-01,supermarkets,clothing_and_home_textiles,33940472.99389,1.8936127207406426,True,True
2025-03-01,supermarkets,clothing_and_home_textiles,40572210.42279999,1.983579254671625,True,True
2025-04-01,supermarkets,clothing_and_home_textiles,43672684.36324997,2.210851587481132,True,True
2025-05-01,supermarkets,clothing_and_home_textiles,52495783.7823,2.641397889286464,True,True
2025-06-01,supermarkets,clothing_and_home_textiles,69779255.47517994,3.4724645875361975,True,True
2025-07-01,supermarkets,clothing_and_home_textiles,59346231.54364002,2.8822376154692195,True,True
2025-08-01,supermarkets,clothing_and_home_textiles,48434740.73816998,2.2988403009235965,True,True
2025-09-01,supermarkets,clothing_and_home_textiles,39171997.47463001,1.9961647042494632,True,True
2025-10-01,supermarkets,clothing_and_home_textiles,42670840.64286998,1.9655224530700375,True,True
2025-11-01,supermarkets,clothing_and_home_textiles,43907144.40047,1.9855605946014079,True,True
2025-12-01,supermarkets,clothing_and_home_textiles,67502942.50732997,2.414173039528233,True,True
2026-01-01,supermarkets,clothing_and_home_textiles,51463165.03636997,2.200001363193561,True,True
2026-02-01,supermarkets,clothing_and_home_textiles,43798152.58952999,1.9783802528638366,True,True
2026-03-01,supermarkets,clothing_and_home_textiles,43896758.32392001,1.7817914973880342,True,True
2026-04-01,supermarkets,clothing_and_home_textiles,48216985.88311001,2.0093825994614454,True,True
2026-05-01,supermarkets,clothing_and_home_textiles,64748042.791190006,2.587034908430711,True,True
2017-01-01,supermarkets,electronics_and_home,1838507.0955300005,6.5993594071568715,True,True
2017-02-01,supermarkets,electronics_and_home,1257661.9026,4.838240432545535,True,True
2017-03-01,supermarkets,electronics_and_home,1305674.9167699998,4.70005259258754,True,True
2017-04-01,supermarkets,electronics_and_home,1535726.3448300003,5.271202016834033,True,True
2017-05-01,supermarkets,electronics_and_home,1824462.0360000003,6.523156819749973,True,True
2017-06-01,supermarkets,electronics_and_home,1893542.0621800004,6.499710750523857,True,True
2017-07-01,supermarkets,electronics_and_home,1995091.1435834009,6.398152113240639,True,True
2017-08-01,supermarkets,electronics_and_home,1882133.804004,6.041216486761058,True,True
2017-09-01,supermarkets,electronics_and_home,1673423.5498463002,5.482768573543186,True,True
2017-10-01,supermarkets,electronics_and_home,2404158.326889999,7.409725653427805,True,True
2017-11-01,supermarkets,electronics_and_home,2729390.08082,8.116183913888781,True,True
2017-12-01,supermarkets,electronics_and_home,2857322.6738500004,7.009027369551722,True,True
2018-01-01,supermarkets,electronics_and_home,1999948.5658400003,6.157627259559472,True,True
2018-02-01,supermarkets,electronics_and_home,1781739.8561900002,5.614108787924903,True,True
2018-03-01,supermarkets,electronics_and_home,2049351.7863,5.609853119787349,True,True
2018-04-01,supermarkets,electronics_and_home,2169127.42258,6.358514376482048,True,True
2018-05-01,supermarkets,electronics_and_home,3356541.3791,9.553773925392258,True,True
2018-06-01,supermarkets,electronics_and_home,3509590.74134,9.154289583741713,True,True
2018-07-01,supermarkets,electronics_and_home,2294925.164369999,5.842708066516974,True,True
2018-08-01,supermarkets,electronics_and_home,2037255.936190952,5.158666868241862,True,True
2018-09-01,supermarkets,electronics_and_home,1853671.9831100008,4.642821525694614,True,True
2018-10-01,supermarkets,electronics_and_home,2543612.93655,5.858125442908153,True,True
2018-11-01,supermarkets,electronics_and_home,2437736.316800001,5.435376652081066,True,True
2018-12-01,supermarkets,electronics_and_home,2850608.6996600004,4.983237009790266,True,True
2019-01-01,supermarkets,electronics_and_home,2193855.6931,4.82870507314973,True,True
2019-02-01,supermarkets,electronics_and_home,2065592.42674,4.6321889911060525,True,True
2019-03-01,supermarkets,electronics_and_home,2294642.2698899982,4.493510375962527,True,True
2019-04-01,supermarkets,electronics_and_home,2005702.65693,4.042010668841787,True,True
2019-05-01,supermarkets,electronics_and_home,2486484.8315200005,4.89674690903716,True,True
2019-06-01,supermarkets,electronics_and_home,2810683.08287,5.165422615902795,True,True
2019-07-01,supermarkets,electronics_and_home,3030760.22102,5.506020034582048,True,True
2019-08-01,supermarkets,electronics_and_home,3073567.951339999,5.150761782875165,True,True
2019-09-01,supermarkets,electronics_and_home,2719800.95723,4.698603369416053,True,True
2019-10-01,supermarkets,electronics_and_home,4712825.327800001,7.10559237728708,True,True
2019-11-01,supermarkets,electronics_and_home,4829969.16318,7.108780415223151,True,True
2019-12-01,supermarkets,electronics_and_home,4638017.9133,5.55287358915696,True,True
2020-01-01,supermarkets,electronics_and_home,3768285.2241500006,5.372135821918871,True,True
2020-02-01,supermarkets,electronics_and_home,3407081.4500799985,4.699783525418637,True,True
2020-03-01,supermarkets,electronics_and_home,3460494.399360001,4.034243215231633,True,True
2020-04-01,supermarkets,electronics_and_home,3758966.100659999,5.011313577345831,True,True
2020-05-01,supermarkets,electronics_and_home,5705563.464840001,7.259492560912095,True,True
2020-06-01,supermarkets,electronics_and_home,5726204.195700002,7.319436135712803,True,True
2020-07-01,supermarkets,electronics_and_home,6125265.839210001,7.548944148189351,True,True
2020-08-01,supermarkets,electronics_and_home,5086198.951540004,6.325176144291425,True,True
2020-09-01,supermarkets,electronics_and_home,4776635.4815099975,6.198932554203128,True,True
2020-10-01,supermarkets,electronics_and_home,8080339.485749998,9.056211370180833,True,True
2020-11-01,supermarkets,electronics_and_home,7962443.790279999,8.740956436101687,True,True
2020-12-01,supermarkets,electronics_and_home,7711912.07514,6.659329865056696,True,True
2021-01-01,supermarkets,electronics_and_home,6405815.40872,6.536040575753131,True,True
2021-02-01,supermarkets,electronics_and_home,5106560.634039998,5.493628887908519,True,True
2021-03-01,supermarkets,electronics_and_home,6918341.604330001,6.45211894240836,True,True
2021-04-01,supermarkets,electronics_and_home,6042114.41201,5.65369505247247,True,True
2021-05-01,supermarkets,electronics_and_home,7849584.392559999,7.0969721705267785,True,True
2021-06-01,supermarkets,electronics_and_home,9514178.63086,8.18157280951578,True,True
2021-07-01,supermarkets,electronics_and_home,9222787.619860005,7.339562197711333,True,True
2021-08-01,supermarkets,electronics_and_home,8443256.1996,6.763244600897354,True,True
2021-09-01,supermarkets,electronics_and_home,7977185.49358,6.485397898006251,True,True
2021-10-01,supermarkets,electronics_and_home,10919887.98903,7.7728545093377415,True,True
2021-11-01,supermarkets,electronics_and_home,12754368.885413006,9.000841502918304,True,True
2021-12-01,supermarkets,electronics_and_home,12669269.758663995,6.886103226958966,True,True
2022-01-01,supermarkets,electronics_and_home,12187552.347016,7.88751070652626,True,True
2022-02-01,supermarkets,electronics_and_home,9189746.139228,6.0378388712740785,True,True
2022-03-01,supermarkets,electronics_and_home,10898787.98983,6.4496547529216945,True,True
2022-04-01,supermarkets,electronics_and_home,10084202.232283993,5.6911067094963546,True,True
2022-05-01,supermarkets,electronics_and_home,12039595.551512005,6.702009805644506,True,True
2022-06-01,supermarkets,electronics_and_home,14227174.861618998,7.254523791595608,True,True
2022-07-01,supermarkets,electronics_and_home,17852376.743120003,7.822601396127582,True,True
2022-08-01,supermarkets,electronics_and_home,13650491.027913,6.053215150549074,True,True
2022-09-01,supermarkets,electronics_and_home,14640939.563531,6.306586452911745,True,True
2022-10-01,supermarkets,electronics_and_home,22279483.783365,8.386285739958105,True,True
2022-11-01,supermarkets,electronics_and_home,29564798.669963,10.38139221284527,True,True
2022-12-01,supermarkets,electronics_and_home,24028900.088696003,6.680862903748211,True,True
2023-01-01,supermarkets,electronics_and_home,20343739.76963299,6.426130324906279,True,True
2023-02-01,supermarkets,electronics_and_home,19203662.016891,6.03097891675565,True,True
2023-03-01,supermarkets,electronics_and_home,20660311.02440501,5.689220850296495,True,True
2023-04-01,supermarkets,electronics_and_home,22089157.933100007,5.725337624151027,True,True
2023-05-01,supermarkets,electronics_and_home,23547743.00148001,6.055004886086591,True,True
2023-06-01,supermarkets,electronics_and_home,26807774.46439,6.295775737426361,True,True
2023-07-01,supermarkets,electronics_and_home,33275555.70953,6.894067961297246,True,True
2023-08-01,supermarkets,electronics_and_home,32717548.930189986,6.088013953107934,True,True
2023-09-01,supermarkets,electronics_and_home,29994293.326579995,5.170422112173929,True,True
2023-10-01,supermarkets,electronics_and_home,60306100.73588999,8.513189301822008,True,True
2023-11-01,supermarkets,electronics_and_home,52704284.61526999,6.895715366131419,True,True
2023-12-01,supermarkets,electronics_and_home,49684101.13384001,4.331438522652535,True,True
2024-01-01,supermarkets,electronics_and_home,45445458.3938,4.124887836265511,True,True
2024-02-01,supermarkets,electronics_and_home,44554519.79452001,3.7346245923501025,True,True
2024-03-01,supermarkets,electronics_and_home,52682333.43560001,3.7023763452943843,True,True
2024-04-01,supermarkets,electronics_and_home,51972235.92625999,3.8927068337341955,True,True
2024-05-01,supermarkets,electronics_and_home,64927576.746860005,4.595407184671972,True,True
2024-06-01,supermarkets,electronics_and_home,72958770.29438002,4.759465741424013,True,True
2024-07-01,supermarkets,electronics_and_home,86321303.89629999,5.434558811958149,True,True
2024-08-01,supermarkets,electronics_and_home,74328023.19691001,4.4548657605482305,True,True
2024-09-01,supermarkets,electronics_and_home,69909424.32678999,4.4103397761117265,True,True
2024-10-01,supermarkets,electronics_and_home,90392744.13239,5.322323531986092,True,True
2024-11-01,supermarkets,electronics_and_home,100925054.07227004,5.532499146888204,True,True
2024-12-01,supermarkets,electronics_and_home,98925285.43306996,4.4396697080613015,True,True
2025-01-01,supermarkets,electronics_and_home,87975798.70688994,4.7044971281081205,True,True
2025-02-01,supermarkets,electronics_and_home,81420288.15760002,4.542614754053529,True,True
2025-03-01,supermarkets,electronics_and_home,97542800.83726004,4.768876878214766,True,True
2025-04-01,supermarkets,electronics_and_home,81886268.15983002,4.145345966102497,True,True
2025-05-01,supermarkets,electronics_and_home,96189792.75974998,4.839922318717196,True,True
2025-06-01,supermarkets,electronics_and_home,96658815.30596004,4.810087338099138,True,True
2025-07-01,supermarkets,electronics_and_home,93242915.26275,4.528480254869833,True,True
2025-08-01,supermarkets,electronics_and_home,83544848.56748998,3.9652584466122907,True,True
2025-09-01,supermarkets,electronics_and_home,73726936.07141002,3.757048836570602,True,True
2025-10-01,supermarkets,electronics_and_home,93171280.87747,4.291695260439219,True,True
2025-11-01,supermarkets,electronics_and_home,99711939.70964,4.50915451237164,True,True
2025-12-01,supermarkets,electronics_and_home,129644722.99577008,4.636609655045895,True,True
2026-01-01,supermarkets,electronics_and_home,92443260.81001,3.9518614849349194,True,True
2026-02-01,supermarkets,electronics_and_home,75634793.59851003,3.4164541935610013,True,True
2026-03-01,supermarkets,electronics_and_home,90501192.38615,3.673488914766877,True,True
2026-04-01,supermarkets,electronics_and_home,96274031.62475996,4.012099893505743,True,True
2026-05-01,supermarkets,electronics_and_home,143405644.66349998,5.729832019894887,True,True
2017-01-01,supermarkets,other,2806660.3093699994,10.074565477809697,True,True
2017-02-01,supermarkets,other,2354084.90063,9.056192864176696,True,True
2017-03-01,supermarkets,other,2266189.276857,8.157626871116557,True,True
2017-04-01,supermarkets,other,2146755.8872700003,7.368489835915787,True,True
2017-05-01,supermarkets,other,2117971.4826696,7.572566514731337,True,True
2017-06-01,supermarkets,other,2358093.344780001,8.094314338156146,True,True
2017-07-01,supermarkets,other,2678008.532310001,8.588232174446233,True,True
2017-08-01,supermarkets,other,3234640.071349999,10.38245043269838,True,True
2017-09-01,supermarkets,other,2373405.423640001,7.776173981898096,True,True
2017-10-01,supermarkets,other,2538296.93164,7.823146953353935,True,True
2017-11-01,supermarkets,other,3079244.8832999985,9.15652107201014,True,True
2017-12-01,supermarkets,other,4502834.048160002,11.045475323085489,True,True
2018-01-01,supermarkets,other,3142844.9503700007,9.676482720363815,True,True
2018-02-01,supermarkets,other,2995841.86549,9.439639622950216,True,True
2018-03-01,supermarkets,other,2970282.5482499977,8.130789907004736,True,True
2018-04-01,supermarkets,other,2625030.72778,7.694935506113941,True,True
2018-05-01,supermarkets,other,2698300.46332,7.680212962621857,True,True
2018-06-01,supermarkets,other,2874416.495310002,7.497524048147286,True,True
2018-07-01,supermarkets,other,3340891.025499998,8.505659028494543,True,True
2018-08-01,supermarkets,other,3951234.299727919,10.005174660959606,True,True
2018-09-01,supermarkets,other,2924735.5499599995,7.325473596216484,True,True
2018-10-01,supermarkets,other,3313478.7601300026,7.631182382481867,True,True
2018-11-01,supermarkets,other,3606806.562399999,8.04203147105599,True,True
2018-12-01,supermarkets,other,5985972.076199996,10.464262454979789,True,True
2019-01-01,supermarkets,other,4137451.76146,9.106585439192575,True,True
2019-02-01,supermarkets,other,3865105.050222221,8.667681402843066,True,True
2019-03-01,supermarkets,other,4127581.7771800016,8.082885854047008,True,True
2019-04-01,supermarkets,other,3457368.227500002,6.967493019658172,True,True
2019-05-01,supermarkets,other,3597721.7080900003,7.085155891699592,True,True
2019-06-01,supermarkets,other,3907782.50092,7.181652115566872,True,True
2019-07-01,supermarkets,other,4297343.575850001,7.807037871227365,True,True
2019-08-01,supermarkets,other,5064885.08012,8.487860661731258,True,True
2019-09-01,supermarkets,other,3970054.858129998,6.858484656235353,True,True
2019-10-01,supermarkets,other,4634783.4504766,6.9879275520394195,True,True
2019-11-01,supermarkets,other,5219409.782830002,7.681961683328304,True,True
2019-12-01,supermarkets,other,7726583.680600004,9.25066337742705,True,True
2020-01-01,supermarkets,other,6038180.4589,8.608139674401672,True,True
2020-02-01,supermarkets,other,6081261.13692,8.388590447226951,True,True
2020-03-01,supermarkets,other,5464393.748599999,6.370388407425464,True,True
2020-04-01,supermarkets,other,4487693.823164,5.982826230607431,True,True
2020-05-01,supermarkets,other,5243957.218010003,6.672166324759729,True,True
2020-06-01,supermarkets,other,5435915.285497,6.9483786137452705,True,True
2020-07-01,supermarkets,other,5935993.913119999,7.315680280729531,True,True
2020-08-01,supermarkets,other,6781847.071919998,8.433877188495117,True,True
2020-09-01,supermarkets,other,5591342.427899999,7.25622767995886,True,True
2020-10-01,supermarkets,other,6525379.813039998,7.313457431066863,True,True
2020-11-01,supermarkets,other,7539583.61962,8.27675192456546,True,True
2020-12-01,supermarkets,other,10230913.540370006,8.83451826503897,True,True
2021-01-01,supermarkets,other,7986064.870480007,8.148415260764432,True,True
2021-02-01,supermarkets,other,7255727.265920001,7.8056985449536525,True,True
2021-03-01,supermarkets,other,7679985.787682,7.162436406308219,True,True
2021-04-01,supermarkets,other,7203808.533780001,6.740709276447171,True,True
2021-05-01,supermarkets,other,7525720.926849998,6.804160489264678,True,True
2021-06-01,supermarkets,other,8024885.233111582,6.900877665860648,True,True
2021-07-01,supermarkets,other,9421770.845089998,7.497914511358009,True,True
2021-08-01,supermarkets,other,10487530.925990004,8.400756205325882,True,True
2021-09-01,supermarkets,other,8585647.017749999,6.980073005291346,True,True
2021-10-01,supermarkets,other,10121840.861939998,7.20479884643194,True,True
2021-11-01,supermarkets,other,11464394.099573,8.090497863462646,True,True
2021-12-01,supermarkets,other,16665123.151429994,9.057961547645832,True,True
2022-01-01,supermarkets,other,13433071.980282998,8.693583096031725,True,True
2022-02-01,supermarkets,other,13301387.170626,8.739265621043446,True,True
2022-03-01,supermarkets,other,12405837.082959997,7.341492116439747,True,True
2022-04-01,supermarkets,other,11947104.285472,6.742451588329823,True,True
2022-05-01,supermarkets,other,12380249.854377998,6.89163980346085,True,True
2022-06-01,supermarkets,other,13682332.365167998,6.976705258287279,True,True
2022-07-01,supermarkets,other,16930590.432047006,7.41869064588477,True,True
2022-08-01,supermarkets,other,18881952.31656401,8.373070214166871,True,True
2022-09-01,supermarkets,other,16290897.898693005,7.017306201412089,True,True
2022-10-01,supermarkets,other,18350924.188058004,6.907525117268191,True,True
2022-11-01,supermarkets,other,20957570.136405,7.3590474213266726,True,True
2022-12-01,supermarkets,other,29515688.798198983,8.206379386596604,True,True
2023-01-01,supermarkets,other,26519624.886824008,8.376953678140438,True,True
2023-02-01,supermarkets,other,26737552.46686501,8.39702422753935,True,True
2023-03-01,supermarkets,other,24816594.463137,6.83373481097425,True,True
2023-04-01,supermarkets,other,24484676.156880014,6.346237282593659,True,True
2023-05-01,supermarkets,other,25472656.984020025,6.549972219849476,True,True
2023-06-01,supermarkets,other,27660204.02978,6.495967863884905,True,True
2023-07-01,supermarkets,other,33142552.632170007,6.866512230526419,True,True
2023-08-01,supermarkets,other,38877169.24085002,7.234183382766599,True,True
2023-09-01,supermarkets,other,36998359.71056001,6.377784436485556,True,True
2023-10-01,supermarkets,other,48040908.162689984,6.781757408119553,True,True
2023-11-01,supermarkets,other,54973603.26778001,7.192628143090508,True,True
2023-12-01,supermarkets,other,88314502.47346,7.699220261467015,True,True
2024-01-01,supermarkets,other,79883197.04696006,7.25065252870154,True,True
2024-02-01,supermarkets,other,87087445.76868999,7.299796253055078,True,True
2024-03-01,supermarkets,other,94249568.99820004,6.623612738028914,True,True
2024-04-01,supermarkets,other,84422398.18558997,6.323215472267719,True,True
2024-05-01,supermarkets,other,85609946.57974,6.059252220759139,True,True
2024-06-01,supermarkets,other,100067516.52360998,6.52790493592228,True,True
2024-07-01,supermarkets,other,103814446.6478499,6.53588037220108,True,True
2024-08-01,supermarkets,other,119011515.06678,7.13298027821099,True,True
2024-09-01,supermarkets,other,98656363.30668002,6.223883080828669,True,True
2024-10-01,supermarkets,other,108053653.86372,6.362197654201819,True,True
2024-11-01,supermarkets,other,130028061.60669002,7.127864795548272,True,True
2024-12-01,supermarkets,other,181724534.61833996,8.155618738168181,True,True
2025-01-01,supermarkets,other,149305562.02451003,7.9841001511688034,True,True
2025-02-01,supermarkets,other,138947227.9364801,7.752167696058157,True,True
2025-03-01,supermarkets,other,143862206.16578,7.033437042448426,True,True
2025-04-01,supermarkets,other,125138775.43958002,6.334926839735299,True,True
2025-05-01,supermarkets,other,126529118.03701998,6.366487386915619,True,True
2025-06-01,supermarkets,other,137448241.22954997,6.839914628474535,True,True
2025-07-01,supermarkets,other,146864713.31352007,7.132702280953753,True,True
2025-08-01,supermarkets,other,163818502.74026003,7.775257395762024,True,True
2025-09-01,supermarkets,other,132949876.3882,6.7749889663486105,True,True
2025-10-01,supermarkets,other,151003556.44258,6.955590192501006,True,True
2025-11-01,supermarkets,other,170900680.27134007,7.728438297930272,True,True
2025-12-01,supermarkets,other,237655046.47723004,8.499487349767856,True,True
2026-01-01,supermarkets,other,187627925.0096799,8.020915357669015,True,True
2026-02-01,supermarkets,other,172074164.28522992,7.77265954206768,True,True
2026-03-01,supermarkets,other,169571974.1560602,6.8830117139180595,True,True
2026-04-01,supermarkets,other,154921480.5296899,6.456158997864869,True,True
2026-05-01,supermarkets,other,177198070.83576998,7.080022425343331,True,True
2017-01-01,wholesale,beverages,573064.0627579999,13.99589716248033,True,True
2017-02-01,wholesale,beverages,540122.0596840001,14.05876289504092,True,True
2017-03-01,wholesale,beverages,586230.1671529999,12.581090376586424,True,True
2017-04-01,wholesale,beverages,572661.706609,12.661505782272076,True,True
2017-05-01,wholesale,beverages,600798.6247020001,12.865470657888647,True,True
2017-06-01,wholesale,beverages,614365.6953780001,12.798470159093764,True,True
2017-07-01,wholesale,beverages,654432.6411679998,12.726049540902887,True,True
2017-08-01,wholesale,beverages,688295.3985169999,13.54684000042577,True,True
2017-09-01,wholesale,beverages,677765.19114,13.315755250004885,True,True
2017-10-01,wholesale,beverages,685723.71679,13.939895872157829,True,True
2017-11-01,wholesale,beverages,834270.58409,15.7231664025065,True,True
2017-12-01,wholesale,beverages,1205993.3160300003,19.528542462900297,True,True
2018-01-01,wholesale,beverages,673557.2934660002,13.417711370116466,True,True
2018-02-01,wholesale,beverages,668899.4583299999,13.64394341881635,True,True
2018-03-01,wholesale,beverages,728166.2566999999,12.410023037750635,True,True
2018-04-01,wholesale,beverages,677726.5348800002,12.221152008891947,True,True
2018-05-01,wholesale,beverages,670766.8575500001,11.393121461571031,True,True
2018-06-01,wholesale,beverages,715433.4331898998,11.544010158768623,True,True
2018-07-01,wholesale,beverages,783651.7739500003,11.75388832687632,True,True
2018-08-01,wholesale,beverages,752154.1769940272,11.417282770147272,True,True
2018-09-01,wholesale,beverages,715615.3087209121,11.488921235129935,True,True
2018-10-01,wholesale,beverages,884681.8550365021,12.960687086826997,True,True
2018-11-01,wholesale,beverages,1029215.790984356,14.617742452656376,True,True
2018-12-01,wholesale,beverages,1574544.7084762529,18.46661256258391,True,True
2019-01-01,wholesale,beverages,889698.9982437871,12.919218715289757,True,True
2019-02-01,wholesale,beverages,875896.8920672439,12.436124217393825,True,True
2019-03-01,wholesale,beverages,942594.6121287402,11.51553235770357,True,True
2019-04-01,wholesale,beverages,931613.1432198044,11.484366555224225,True,True
2019-05-01,wholesale,beverages,944847.4447341196,11.001079204173408,True,True
2019-06-01,wholesale,beverages,945440.155709934,10.670279401700066,True,True
2019-07-01,wholesale,beverages,992115.2334464882,10.846564699208724,True,True
2019-08-01,wholesale,beverages,1000828.5119456598,10.254573012507134,True,True
2019-09-01,wholesale,beverages,990969.3697371404,10.219509263189682,True,True
2019-10-01,wholesale,beverages,1262845.3079451043,11.475361421232254,True,True
2019-11-01,wholesale,beverages,1519433.802320876,13.348729952639488,True,True
2019-12-01,wholesale,beverages,2544329.7949129995,17.92214950293615,True,True
2020-01-01,wholesale,beverages,1311485.7258087,11.452182240474807,True,True
2020-02-01,wholesale,beverages,1324769.46017,10.9300808703073,True,True
2020-03-01,wholesale,beverages,1291293.8272056,8.513346177718413,True,True
2020-04-01,wholesale,beverages,1009007.14208561,8.28162209950157,True,True
2020-05-01,wholesale,beverages,1195524.5711152996,9.203067965755057,True,True
2020-06-01,wholesale,beverages,1244862.2623431,9.313213565706164,True,True
2020-07-01,wholesale,beverages,1332391.7321732002,9.68010260878739,True,True
2020-08-01,wholesale,beverages,1403233.1390216,9.995742538657796,True,True
2020-09-01,wholesale,beverages,1337994.7836997,10.035405423437673,True,True
2020-10-01,wholesale,beverages,1585704.5481333002,10.568979751203633,True,True
2020-11-01,wholesale,beverages,1974435.6345017,13.021951158163745,True,True
2020-12-01,wholesale,beverages,3575194.6719105006,18.055984427087967,True,True
2021-01-01,wholesale,beverages,1958532.3085766004,12.534612338421047,True,True
2021-02-01,wholesale,beverages,1878341.574144,11.789208228440518,True,True
2021-03-01,wholesale,beverages,2087899.9512385605,11.402153503968732,True,True
2021-04-01,wholesale,beverages,1969937.3552136,10.488699428032966,True,True
2021-05-01,wholesale,beverages,1962403.1547491,10.195068537869254,True,True
2021-06-01,wholesale,beverages,2114078.6100248,10.267803596560045,True,True
2021-07-01,wholesale,beverages,2363264.7869974,11.08752310972672,True,True
2021-08-01,wholesale,beverages,2378793.6857009195,11.465373828042683,True,True
2021-09-01,wholesale,beverages,2732628.8136374005,12.889361421325834,True,True
2021-10-01,wholesale,beverages,2878436.0185813,12.465382430709433,True,True
2021-11-01,wholesale,beverages,3537551.6583283995,14.864781754444198,True,True
2021-12-01,wholesale,beverages,5581001.627704901,18.52128584290131,True,True
2022-01-01,wholesale,beverages,2785418.247985,11.938665014713338,True,True
2022-02-01,wholesale,beverages,2958767.4705809,12.223327674525903,True,True
2022-03-01,wholesale,beverages,3454927.0285192,11.759573080033832,True,True
2022-04-01,wholesale,beverages,3613954.317639,12.036106102044267,True,True
2022-05-01,wholesale,beverages,3506314.8295453438,11.131930166352186,True,True
2022-06-01,wholesale,beverages,3936342.112959101,11.577550129122258,True,True
2022-07-01,wholesale,beverages,4480958.1187231,11.279740492530642,True,True
2022-08-01,wholesale,beverages,4388864.859206099,11.842551953500086,True,True
2022-09-01,wholesale,beverages,4566441.0581575,11.733595260642646,True,True
2022-10-01,wholesale,beverages,5463909.7620399,13.11088442273411,True,True
2022-11-01,wholesale,beverages,6874121.320777572,14.748975688300739,True,True
2022-12-01,wholesale,beverages,11860007.003666,19.360431936394466,True,True
2023-01-01,wholesale,beverages,6491416.563507,13.176612885619102,True,True
2023-02-01,wholesale,beverages,6393074.5402198,13.07791520265435,True,True
2023-03-01,wholesale,beverages,8219196.283759998,13.44914880724514,True,True
2023-04-01,wholesale,beverages,7855344.6532763,11.656099766776808,True,True
2023-05-01,wholesale,beverages,7740520.71191,11.19677946295621,True,True
2023-06-01,wholesale,beverages,8890794.498270003,11.573050347471398,True,True
2023-07-01,wholesale,beverages,9789124.29391,11.700975541456078,True,True
2023-08-01,wholesale,beverages,11036034.36938,12.014132476955796,True,True
2023-09-01,wholesale,beverages,12477815.87004,11.909157528870615,True,True
2023-10-01,wholesale,beverages,15552016.553309996,11.897818418826098,True,True
2023-11-01,wholesale,beverages,18427211.168979995,14.070394524138205,True,True
2023-12-01,wholesale,beverages,30888605.40074,16.14762541839182,True,True
2024-01-01,wholesale,beverages,22907009.59845,12.193026778002142,True,True
2024-02-01,wholesale,beverages,24975622.079280004,12.35201824048658,True,True
2024-03-01,wholesale,beverages,27544651.84586,11.18242117274596,True,True
2024-04-01,wholesale,beverages,24530165.22549999,10.503347344454854,True,True
2024-05-01,wholesale,beverages,24466582.85314,9.756015676191492,True,True
2024-06-01,wholesale,beverages,28735131.75027,10.947855440559618,True,True
2024-07-01,wholesale,beverages,29046639.341609992,10.908667080333938,True,True
2024-08-01,wholesale,beverages,30006022.471340008,10.759321728308365,True,True
2024-09-01,wholesale,beverages,29948509.766210005,11.220092756409901,True,True
2024-10-01,wholesale,beverages,37915151.01857,12.389426958873457,True,True
2024-11-01,wholesale,beverages,44046526.39681001,13.999861037124889,True,True
2024-12-01,wholesale,beverages,59804426.05115999,17.792088328176785,True,True
2025-01-01,wholesale,beverages,35087756.509890005,12.984199070469232,True,True
2025-02-01,wholesale,beverages,36328190.29222,13.641676470754751,True,True
2025-03-01,wholesale,beverages,40248307.59026999,12.545877984208673,True,True
2025-04-01,wholesale,beverages,33832629.99044,11.27156481885799,True,True
2025-05-01,wholesale,beverages,34727721.09661,11.069182841072404,True,True
2025-06-01,wholesale,beverages,34172170.97118,11.033969768833469,True,True
2025-07-01,wholesale,beverages,34804792.11868999,10.964600288792468,True,True
2025-08-01,wholesale,beverages,36951771.63279,11.555025700696438,True,True
2025-09-01,wholesale,beverages,33933224.29195,11.786169619440704,True,True
2025-10-01,wholesale,beverages,41796743.10293999,12.190796015923313,True,True
2025-11-01,wholesale,beverages,48521179.74375,13.61500180606081,True,True
2025-12-01,wholesale,beverages,74966768.79616998,17.67617421340294,True,True
2026-01-01,wholesale,beverages,43319547.50727,12.746699601040534,True,True
2026-02-01,wholesale,beverages,41643602.37067,12.655168873612164,True,True
2026-03-01,wholesale,beverages,43596911.72376601,11.647062370681386,True,True
2026-04-01,wholesale,beverages,40632024.24034,11.306014757706262,True,True
2026-05-01,wholesale,beverages,41428982.21536001,10.671051182080472,True,True
2017-01-01,wholesale,grocery,1623843.97939,39.6590099090767,True,True
2017-02-01,wholesale,grocery,1559484.12305,40.5915980128042,True,True
2017-03-01,wholesale,grocery,2005508.8501300004,43.04024171438502,True,True
2017-04-01,wholesale,grocery,1967271.9978999996,43.496230827460955,True,True
2017-05-01,wholesale,grocery,2049103.79747,43.879402677385535,True,True
2017-06-01,wholesale,grocery,2114688.360092,44.053201661541785,True,True
2017-07-01,wholesale,grocery,2228494.1627,43.335135401433625,True,True
2017-08-01,wholesale,grocery,2168499.76068,42.67981358321978,True,True
2017-09-01,wholesale,grocery,2170571.92234,42.6442739288478,True,True
2017-10-01,wholesale,grocery,2047535.63464,41.623809768497765,True,True
2017-11-01,wholesale,grocery,2163032.94583,40.76582297155523,True,True
2017-12-01,wholesale,grocery,2384889.833314,38.61830887465143,True,True
2018-01-01,wholesale,grocery,2027322.97892,40.3856284373029,True,True
2018-02-01,wholesale,grocery,2005433.3317,40.90602640976303,True,True
2018-03-01,wholesale,grocery,2556515.9583,43.570299566835374,True,True
2018-04-01,wholesale,grocery,2454916.90474,44.268463927472254,True,True
2018-05-01,wholesale,grocery,2645471.7900499995,44.93391569358013,True,True
2018-06-01,wholesale,grocery,2794047.3241080004,45.083873910910214,True,True
2018-07-01,wholesale,grocery,3092242.1063400004,46.38012648702836,True,True
2018-08-01,wholesale,grocery,2961035.6332269995,44.94687678548011,True,True
2018-09-01,wholesale,grocery,2765243.315223,44.39488962491816,True,True
2018-10-01,wholesale,grocery,2917886.969802001,42.747367039389744,True,True
2018-11-01,wholesale,grocery,2971435.108577,42.20268821411801,True,True
2018-12-01,wholesale,grocery,3390402.823419,39.76340273739108,True,True
2019-01-01,wholesale,grocery,2784987.8576400005,40.4404942832346,True,True
2019-02-01,wholesale,grocery,2943805.1121979994,41.79661599288186,True,True
2019-03-01,wholesale,grocery,3577653.316544,43.70763634884961,True,True
2019-04-01,wholesale,grocery,3513447.940646,43.31167321622497,True,True
2019-05-01,wholesale,grocery,3791944.5071,44.15049444535054,True,True
2019-06-01,wholesale,grocery,3965181.178099,44.7512101037301,True,True
2019-07-01,wholesale,grocery,4073419.11617,44.53374215114761,True,True
2019-08-01,wholesale,grocery,4608835.814534999,47.22251894175954,True,True
2019-09-01,wholesale,grocery,4355855.810462,44.92036803916831,True,True
2019-10-01,wholesale,grocery,4781868.390864,43.45240680604092,True,True
2019-11-01,wholesale,grocery,4848865.209884002,42.59888924718102,True,True
2019-12-01,wholesale,grocery,5734638.2209830005,40.394544664452,True,True
2020-01-01,wholesale,grocery,4738551.081055,41.37807180675056,True,True
2020-02-01,wholesale,grocery,5299998.638749999,43.72792057466538,True,True
2020-03-01,wholesale,grocery,7010124.775920001,46.21691648256093,True,True
2020-04-01,wholesale,grocery,5904309.13406,48.46076401981658,True,True
2020-05-01,wholesale,grocery,6000923.269087,46.19470484924266,True,True
2020-06-01,wholesale,grocery,6248862.219374,46.749741037344435,True,True
2020-07-01,wholesale,grocery,6402243.6541140005,46.51362958939862,True,True
2020-08-01,wholesale,grocery,6276038.789841001,44.70651822662979,True,True
2020-09-01,wholesale,grocery,5950285.637896,44.62911925293944,True,True
2020-10-01,wholesale,grocery,6511664.977314001,43.401310397243144,True,True
2020-11-01,wholesale,grocery,6511628.590533,42.94599833203645,True,True
2020-12-01,wholesale,grocery,8103762.522415,40.92683709090269,True,True
2021-01-01,wholesale,grocery,6350004.450049999,40.64004651854445,True,True
2021-02-01,wholesale,grocery,6865155.967856,43.088410723517725,True,True
2021-03-01,wholesale,grocery,8000745.350083,43.69257567810877,True,True
2021-04-01,wholesale,grocery,8339246.928938001,44.40133807417117,True,True
2021-05-01,wholesale,grocery,8683325.824498,45.111577457041776,True,True
2021-06-01,wholesale,grocery,9394533.446601,45.628021518973604,True,True
2021-07-01,wholesale,grocery,9336656.544864,43.80397650670649,True,True
2021-08-01,wholesale,grocery,9162834.248704,44.16327511598765,True,True
2021-09-01,wholesale,grocery,8913019.974190002,42.041251716844165,True,True
2021-10-01,wholesale,grocery,9619825.351181995,41.65970726638554,True,True
2021-11-01,wholesale,grocery,9666170.757795,40.61722134220619,True,True
2021-12-01,wholesale,grocery,11673528.840736996,38.74013642664977,True,True
2022-01-01,wholesale,grocery,9198639.855767,39.42656723400078,True,True
2022-02-01,wholesale,grocery,10322710.179008,42.645415789435454,True,True
2022-03-01,wholesale,grocery,13060743.82117,44.454997218994194,True,True
2022-04-01,wholesale,grocery,13087511.307495,43.58734529096749,True,True
2022-05-01,wholesale,grocery,13969220.653796002,44.3498078056458,True,True
2022-06-01,wholesale,grocery,15006324.134310002,44.13652699211827,True,True
2022-07-01,wholesale,grocery,17599761.16884,44.30318995518836,True,True
2022-08-01,wholesale,grocery,16483377.42712,44.477389897379936,True,True
2022-09-01,wholesale,grocery,17055534.5773,43.82466282498805,True,True
2022-10-01,wholesale,grocery,18191364.62446,43.65095498833154,True,True
2022-11-01,wholesale,grocery,19055270.424100004,40.884602861105215,True,True
2022-12-01,wholesale,grocery,23375563.5117,38.158578338380785,True,True
2023-01-01,wholesale,grocery,19897191.792439997,40.38834839745019,True,True
2023-02-01,wholesale,grocery,20099323.89574,41.11593754859219,True,True
2023-03-01,wholesale,grocery,25203302.031349994,41.24040207231867,True,True
2023-04-01,wholesale,grocery,28977139.36773,42.997531277661245,True,True
2023-05-01,wholesale,grocery,30839660.6116,44.61003224876034,True,True
2023-06-01,wholesale,grocery,33539727.71882,43.65829821012223,True,True
2023-07-01,wholesale,grocery,36486056.37838001,43.61191465851635,True,True
2023-08-01,wholesale,grocery,40667071.84324,44.271300017889715,True,True
2023-09-01,wholesale,grocery,44950775.05865,42.90220875142431,True,True
2023-10-01,wholesale,grocery,54611616.30195,41.779732685592705,True,True
2023-11-01,wholesale,grocery,54347160.054430015,41.49765128429049,True,True
2023-12-01,wholesale,grocery,75929034.11907002,39.69339455207847,True,True
2024-01-01,wholesale,grocery,76521385.40074998,40.73108265272215,True,True
2024-02-01,wholesale,grocery,82923081.31512998,41.01068672926383,True,True
2024-03-01,wholesale,grocery,105089148.56628998,42.66349513254617,True,True
2024-04-01,wholesale,grocery,101318623.01503,43.382695558955284,True,True
2024-05-01,wholesale,grocery,111076300.27228,44.29151930264922,True,True
2024-06-01,wholesale,grocery,110501086.72097996,42.100030511767656,True,True
2024-07-01,wholesale,grocery,114519590.7274,43.008627426020865,True,True
2024-08-01,wholesale,grocery,119014010.38274,42.67510061045912,True,True
2024-09-01,wholesale,grocery,111145951.88813998,41.64039878509854,True,True
2024-10-01,wholesale,grocery,126088654.56437,41.201634019676575,True,True
2024-11-01,wholesale,grocery,124436635.24292004,39.551259630190636,True,True
2024-12-01,wholesale,grocery,127415293.07401998,37.906628295273535,True,True
2025-01-01,wholesale,grocery,109233214.56726,40.42167251841288,True,True
2025-02-01,wholesale,grocery,107577219.16744,40.396551760520225,True,True
2025-03-01,wholesale,grocery,135414058.20173,42.210178595339045,True,True
2025-04-01,wholesale,grocery,129975037.92151004,43.3020449542289,True,True
2025-05-01,wholesale,grocery,135335234.05870005,43.13702147248916,True,True
2025-06-01,wholesale,grocery,135058935.59728,43.60964404772655,True,True
2025-07-01,wholesale,grocery,142114028.01576,44.770372634586295,True,True
2025-08-01,wholesale,grocery,138006802.08041,43.155499031472566,True,True
2025-09-01,wholesale,grocery,124969505.78973,43.406184446930226,True,True
2025-10-01,wholesale,grocery,149748767.82871,43.6770079845588,True,True
2025-11-01,wholesale,grocery,151878233.89767998,42.61690337577983,True,True
2025-12-01,wholesale,grocery,169484491.10565004,39.96220511249335,True,True
2026-01-01,wholesale,grocery,142566050.80536,41.9498062074086,True,True
2026-02-01,wholesale,grocery,140038092.18198,42.55649378089361,True,True
2026-03-01,wholesale,grocery,164514317.859362,43.95055624854186,True,True
2026-04-01,wholesale,grocery,157850235.04334,43.92242622102921,True,True
2026-05-01,wholesale,grocery,172501614.56595,44.43202462604293,True,True
2017-01-01,wholesale,bakery,11576.020156,0.2827202021261519,True,True
2017-02-01,wholesale,bakery,11395.77156,0.2966189725000718,True,True
2017-03-01,wholesale,bakery,12889.828839999998,0.27662872138145345,True,True
2017-04-01,wholesale,bakery,13642.25064,0.3016291003363735,True,True
2017-05-01,wholesale,bakery,12204.52656,0.26134710016852003,True,True
2017-06-01,wholesale,bakery,12347.779169999998,0.2572290159220103,True,True
2017-07-01,wholesale,bakery,13817.717399999998,0.26869832754789885,True,True
2017-08-01,wholesale,bakery,13584.11059,0.2673587141615537,True,True
2017-09-01,wholesale,bakery,13560.393300000002,0.26641509572495586,True,True
2017-10-01,wholesale,bakery,14714.33163,0.29912375163394617,True,True
2017-11-01,wholesale,bakery,17215.481018999995,0.3244533343533641,True,True
2017-12-01,wholesale,bakery,22104.231073000006,0.3579318470352972,True,True
2018-01-01,wholesale,bakery,14126.156635,0.2814024795457927,True,True
2018-02-01,wholesale,bakery,13884.238848,0.2832051467471607,True,True
2018-03-01,wholesale,bakery,16273.41392,0.2773452350913529,True,True
2018-04-01,wholesale,bakery,14833.46369,0.2674854904507575,True,True
2018-05-01,wholesale,bakery,15843.638390000002,0.26910765572078715,True,True
2018-06-01,wholesale,bakery,16652.89304,0.26870587466048723,True,True
2018-07-01,wholesale,bakery,17124.158459,0.25684296636539294,True,True
2018-08-01,wholesale,bakery,17662.436030000004,0.26810597179698803,True,True
2018-09-01,wholesale,bakery,17993.065870000002,0.28887156834085453,True,True
2018-10-01,wholesale,bakery,19100.16891,0.2798195884076739,True,True
2018-11-01,wholesale,bakery,21213.41624,0.3012898343123377,True,True
2018-12-01,wholesale,bakery,26491.46643,0.31069784436348774,True,True
2019-01-01,wholesale,bakery,16922.11607,0.24572413711310617,True,True
2019-02-01,wholesale,bakery,16823.54956,0.23886344842696294,True,True
2019-03-01,wholesale,bakery,20263.901630000004,0.2475609471038607,True,True
2019-04-01,wholesale,bakery,19010.13497,0.23434551116917457,True,True
2019-05-01,wholesale,bakery,19206.397060000003,0.22362456125742153,True,True
2019-06-01,wholesale,bakery,20131.73439,0.22720764448682784,True,True
2019-07-01,wholesale,bakery,19093.956810000003,0.20874978119639226,True,True
2019-08-01,wholesale,bakery,21437.17479,0.2196470938248689,True,True
2019-09-01,wholesale,bakery,21457.63245,0.22128481493536106,True,True
2019-10-01,wholesale,bakery,23394.999310000003,0.21258824880822175,True,True
2019-11-01,wholesale,bakery,26998.03944,0.23718673178442473,True,True
2019-12-01,wholesale,bakery,34069.570519999994,0.23998458752519733,True,True
2020-01-01,wholesale,bakery,22542.723050000004,0.19684802318832795,True,True
2020-02-01,wholesale,bakery,23649.89725,0.19512473474727218,True,True
2020-03-01,wholesale,bakery,28232.72513,0.18613498919312244,True,True
2020-04-01,wholesale,bakery,21664.60731,0.17781647244306267,True,True
2020-05-01,wholesale,bakery,22230.85045,0.17113159576220455,True,True
2020-06-01,wholesale,bakery,22065.98576,0.16508271166796054,True,True
2020-07-01,wholesale,bakery,23589.95064,0.17138588991315182,True,True
2020-08-01,wholesale,bakery,21985.89385,0.1566135578583118,True,True
2020-09-01,wholesale,bakery,22862.14902,0.17147371354643626,True,True
2020-10-01,wholesale,bakery,28612.3702,0.19070611964488174,True,True
2020-11-01,wholesale,bakery,31169.36279,0.2055706009301753,True,True
2020-12-01,wholesale,bakery,46292.75972,0.23379463925654723,True,True
2021-01-01,wholesale,bakery,27824.64978,0.17807783763246082,True,True
2021-02-01,wholesale,bakery,29207.23196,0.18331604011358874,True,True
2021-03-01,wholesale,bakery,36409.23505,0.1988331321890744,True,True
2021-04-01,wholesale,bakery,35450.06779000001,0.1887497106284306,True,True
2021-05-01,wholesale,bakery,32966.80677,0.17126901456587473,True,True
2021-06-01,wholesale,bakery,35446.02492,0.1721567118798215,True,True
2021-07-01,wholesale,bakery,40869.68429,0.19174473023327307,True,True
2021-08-01,wholesale,bakery,39057.04052,0.18824817506057223,True,True
2021-09-01,wholesale,bakery,41868.99427,0.19748917116009737,True,True
2021-10-01,wholesale,bakery,51217.45654000001,0.22180280498783214,True,True
2021-11-01,wholesale,bakery,57965.55214,0.2435710810917485,True,True
2021-12-01,wholesale,bakery,75556.68205000002,0.25074475854699674,True,True
2022-01-01,wholesale,bakery,46111.64814,0.19764052340004415,True,True
2022-02-01,wholesale,bakery,49114.53819,0.20290310064870354,True,True
2022-03-01,wholesale,bakery,61685.67707,0.2099602166726344,True,True
2022-04-01,wholesale,bakery,70122.661,0.23354024809728915,True,True
2022-05-01,wholesale,bakery,69321.41507,0.2200832466866691,True,True
2022-06-01,wholesale,bakery,71811.50761,0.21121165420696195,True,True
2022-07-01,wholesale,bakery,87371.27289000001,0.219936285631278,True,True
2022-08-01,wholesale,bakery,83017.38176999999,0.22400727481789343,True,True
2022-09-01,wholesale,bakery,91373.013074,0.2347854575371038,True,True
2022-10-01,wholesale,bakery,108868.82959,0.261235398122668,True,True
2022-11-01,wholesale,bakery,127967.44093,0.27456435333281803,True,True
2022-12-01,wholesale,bakery,176769.05813,0.28856014312036743,True,True
2023-01-01,wholesale,bakery,111547.08384,0.22642403671061118,True,True
2023-02-01,wholesale,bakery,117319.40091,0.23999300603719212,True,True
2023-03-01,wholesale,bakery,143313.74662,0.23450564238556718,True,True
2023-04-01,wholesale,bakery,160090.40916,0.23754906541176368,True,True
2023-05-01,wholesale,bakery,157840.57731999998,0.22831876566630085,True,True
2023-06-01,wholesale,bakery,179117.70964,0.23315557143862015,True,True
2023-07-01,wholesale,bakery,202044.93352,0.2415050370607108,True,True
2023-08-01,wholesale,bakery,223034.36865,0.2428013870009208,True,True
2023-09-01,wholesale,bakery,284843.29308,0.2718619735747957,True,True
2023-10-01,wholesale,bakery,337931.05157,0.25852867863666784,True,True
2023-11-01,wholesale,bakery,441792.8923,0.33733809395343173,True,True
2023-12-01,wholesale,bakery,771539.3251499999,0.40333734257172194,True,True
2024-01-01,wholesale,bakery,515318.06315,0.27429538177699575,True,True
2024-02-01,wholesale,bakery,559919.82602,0.27691562125080366,True,True
2024-03-01,wholesale,bakery,658204.0884400001,0.26721395411885296,True,True
2024-04-01,wholesale,bakery,630468.1112899999,0.2699543807229416,True,True
2024-05-01,wholesale,bakery,686691.2004200001,0.27381715526900763,True,True
2024-06-01,wholesale,bakery,737062.2366299999,0.28081481885827664,True,True
2024-07-01,wholesale,bakery,779621.85397,0.29279240030113785,True,True
2024-08-01,wholesale,bakery,823081.73886,0.29513412667569555,True,True
2024-09-01,wholesale,bakery,824225.27342,0.308792794437599,True,True
2024-10-01,wholesale,bakery,903589.22712,0.2952633031778014,True,True
2024-11-01,wholesale,bakery,1181603.36593,0.3755638475323011,True,True
2024-12-01,wholesale,bakery,1382882.11584,0.4114137092701694,True,True
2025-01-01,wholesale,bakery,877172.57975,0.3245970825014356,True,True
2025-02-01,wholesale,bakery,833569.90375,0.3130156182085113,True,True
2025-03-01,wholesale,bakery,948996.41929,0.29581351357843283,True,True
2025-04-01,wholesale,bakery,915368.29433,0.3049610114727557,True,True
2025-05-01,wholesale,bakery,931156.70962,0.2967987402283443,True,True
2025-06-01,wholesale,bakery,918486.87035,0.29657338332585337,True,True
2025-07-01,wholesale,bakery,982058.17388,0.30937910217120246,True,True
2025-08-01,wholesale,bakery,998939.54578,0.31237398411196027,True,True
2025-09-01,wholesale,bakery,952632.54204,0.33088187049015605,True,True
2025-10-01,wholesale,bakery,1064903.40243,0.3105988455539175,True,True
2025-11-01,wholesale,bakery,1153221.63906,0.32359301199004264,True,True
2025-12-01,wholesale,bakery,1453904.52471,0.34281148942545503,True,True
2026-01-01,wholesale,bakery,1047388.85565,0.3081923029368578,True,True
2026-02-01,wholesale,bakery,1029708.47989,0.31292044784234085,True,True
2026-03-01,wholesale,bakery,1093678.3826293603,0.29217987770923126,True,True
2026-04-01,wholesale,bakery,1009692.7466,0.28095083391082964,True,True
2026-05-01,wholesale,bakery,1140983.03831,0.29388818524191423,True,True
2017-01-01,wholesale,dairy,253462.372869,6.190290991481732,True,True
2017-02-01,wholesale,dairy,252720.269312,6.578021173782362,True,True
2017-03-01,wholesale,dairy,307951.541688,6.608950536274058,True,True
2017-04-01,wholesale,dairy,298638.08847,6.602864903190228,True,True
2017-05-01,wholesale,dairy,294705.3765090001,6.310805681486349,True,True
2017-06-01,wholesale,dairy,313530.51647100004,6.5314697568692415,True,True
2017-07-01,wholesale,dairy,344360.05483700003,6.696400579809561,True,True
2017-08-01,wholesale,dairy,335166.83915,6.596661191105359,True,True
2017-09-01,wholesale,dairy,337011.29598,6.621113023241229,True,True
2017-10-01,wholesale,dairy,310137.87367,6.304710715286851,True,True
2017-11-01,wholesale,dairy,324962.44587,6.124438172002384,True,True
2017-12-01,wholesale,dairy,339282.16955999995,5.4939659839645225,True,True
2018-01-01,wholesale,dairy,309589.99635300005,6.167239601495977,True,True
2018-02-01,wholesale,dairy,322834.23609,6.585043530855568,True,True
2018-03-01,wholesale,dairy,390330.00923,6.652332983434879,True,True
2018-04-01,wholesale,dairy,359304.40514000005,6.4791822758687445,True,True
2018-05-01,wholesale,dairy,373157.8180400001,6.3381669762174155,True,True
2018-06-01,wholesale,dairy,397451.9561874999,6.41316048006538,True,True
2018-07-01,wholesale,dairy,410177.8673,6.152203066036958,True,True
2018-08-01,wholesale,dairy,428448.2872275923,6.503607102485775,True,True
2018-09-01,wholesale,dairy,432645.9160886,6.945959361220281,True,True
2018-10-01,wholesale,dairy,444279.248168,6.508740155452404,True,True
2018-11-01,wholesale,dairy,437923.6299285,6.219740206380604,True,True
2018-12-01,wholesale,dairy,470070.238879,5.513088915068227,True,True
2019-01-01,wholesale,dairy,425136.9781463,6.173366065906736,True,True
2019-02-01,wholesale,dairy,440931.3721809,6.26041417140524,True,True
2019-03-01,wholesale,dairy,547351.0501221,6.686902988411308,True,True
2019-04-01,wholesale,dairy,545868.9920118,6.729144646594127,True,True
2019-05-01,wholesale,dairy,612356.9890238,7.129815268088753,True,True
2019-06-01,wholesale,dairy,634150.9506394002,7.157055669055086,True,True
2019-07-01,wholesale,dairy,621666.8542285999,6.796538878170308,True,True
2019-08-01,wholesale,dairy,648000.1829011,6.639464312181882,True,True
2019-09-01,wholesale,dairy,664708.7157151,6.854900953573628,True,True
2019-10-01,wholesale,dairy,739381.3559987711,6.718691699471015,True,True
2019-11-01,wholesale,dairy,670188.5323959698,5.887828559983767,True,True
2019-12-01,wholesale,dairy,720779.3683908001,5.077138830335289,True,True
2020-01-01,wholesale,dairy,634981.329702,5.544796839143822,True,True
2020-02-01,wholesale,dairy,684566.1390500001,5.648049329224698,True,True
2020-03-01,wholesale,dairy,918937.481643669,6.058445205955203,True,True
2020-04-01,wholesale,dairy,771302.8417782561,6.330617885098384,True,True
2020-05-01,wholesale,dairy,825440.334261919,6.3541843316538404,True,True
2020-06-01,wholesale,dairy,801314.8185607899,5.994892980830737,True,True
2020-07-01,wholesale,dairy,780479.422750767,5.670345074831544,True,True
2020-08-01,wholesale,dairy,813395.4036963,5.794112761009049,True,True
2020-09-01,wholesale,dairy,770598.8525015,5.779747423457863,True,True
2020-10-01,wholesale,dairy,845650.5535238,5.636399029887787,True,True
2020-11-01,wholesale,dairy,799559.4247067001,5.273316381978612,True,True
2020-12-01,wholesale,dairy,862751.7873017999,4.357198492813589,True,True
2021-01-01,wholesale,dairy,765354.6386638,4.898271861563136,True,True
2021-02-01,wholesale,dairy,786135.5254007999,4.93409480591841,True,True
2021-03-01,wholesale,dairy,948124.0663444,5.1777654091389325,True,True
2021-04-01,wholesale,dairy,1018045.5530802,5.420463641670467,True,True
2021-05-01,wholesale,dairy,1079009.4975977002,5.605665560819426,True,True
2021-06-01,wholesale,dairy,1197387.6901227,5.81555556771579,True,True
2021-07-01,wholesale,dairy,1232377.0134164,5.781835658589434,True,True
2021-08-01,wholesale,dairy,1171787.5070692,5.647812963493689,True,True
2021-09-01,wholesale,dairy,1177134.4475053,5.552349905581356,True,True
2021-10-01,wholesale,dairy,1230453.1041361005,5.328611929220415,True,True
2021-11-01,wholesale,dairy,1162793.3381444,4.886054216719388,True,True
2021-12-01,wholesale,dairy,1290385.8207501995,4.282314578641253,True,True
2022-01-01,wholesale,dairy,1168520.6831786002,5.0084316814271155,True,True
2022-02-01,wholesale,dairy,1203613.5792896,4.9723958774892445,True,True
2022-03-01,wholesale,dairy,1401663.2971942,4.7708567622109985,True,True
2022-04-01,wholesale,dairy,1558073.0955297002,5.189089690759419,True,True
2022-05-01,wholesale,dairy,1635313.9732557002,5.191832974309063,True,True
2022-06-01,wholesale,dairy,1740289.7865309,5.1185317903211205,True,True
2022-07-01,wholesale,dairy,2091575.6174975,5.2650414399765175,True,True
2022-08-01,wholesale,dairy,1904047.0873783,5.137724053382422,True,True
2022-09-01,wholesale,dairy,2069484.6871331003,5.317597535511638,True,True
2022-10-01,wholesale,dairy,2124155.1958341,5.097000953788382,True,True
2022-11-01,wholesale,dairy,2181315.2624725,4.680185913723016,True,True
2022-12-01,wholesale,dairy,2573539.2671774,4.201079459938378,True,True
2023-01-01,wholesale,dairy,2499353.9496901003,5.07331784010753,True,True
2023-02-01,wholesale,dairy,2615346.5554028004,5.3500518822256735,True,True
2023-03-01,wholesale,dairy,3329416.240840001,5.4479553618631416,True,True
2023-04-01,wholesale,dairy,3791019.537896,5.625278571715602,True,True
2023-05-01,wholesale,dairy,3921575.95548,5.672618516888722,True,True
2023-06-01,wholesale,dairy,4603308.98331,5.992077157916571,True,True
2023-07-01,wholesale,dairy,4951076.4589,5.918039531432727,True,True
2023-08-01,wholesale,dairy,5314014.606910001,5.784983385792193,True,True
2023-09-01,wholesale,dairy,5959674.11521,5.6880706205308815,True,True
2023-10-01,wholesale,dairy,7257030.343460001,5.5518735458149715,True,True
2023-11-01,wholesale,dairy,7145445.038710001,5.456019894884663,True,True
2023-12-01,wholesale,dairy,9358387.290630003,4.892280843657374,True,True
2024-01-01,wholesale,dairy,7715178.975729999,4.1066636587309215,True,True
2024-02-01,wholesale,dairy,8893970.48992,4.398628605650658,True,True
2024-03-01,wholesale,dairy,12267238.93491,4.980183926974889,True,True
2024-04-01,wholesale,dairy,11791094.31197,5.048720951993609,True,True
2024-05-01,wholesale,dairy,15897775.66188,6.339215799151606,True,True
2024-06-01,wholesale,dairy,14291239.87189,5.444848123320101,True,True
2024-07-01,wholesale,dairy,14222653.291229997,5.341416193741474,True,True
2024-08-01,wholesale,dairy,15227173.151530003,5.460039067372398,True,True
2024-09-01,wholesale,dairy,13923804.579679998,5.2164992557459415,True,True
2024-10-01,wholesale,dairy,15738573.675580006,5.142849329413045,True,True
2024-11-01,wholesale,dairy,14863445.480389996,4.724235672609412,True,True
2024-12-01,wholesale,dairy,14741067.31773,4.385534467704586,True,True
2025-01-01,wholesale,dairy,12951876.978929998,4.792832764421789,True,True
2025-02-01,wholesale,dairy,12553420.70769,4.713961871430045,True,True
2025-03-01,wholesale,dairy,15191756.788120003,4.735451959117988,True,True
2025-04-01,wholesale,dairy,15095292.98263,5.0290968618592276,True,True
2025-05-01,wholesale,dairy,16483563.354760006,5.254003743541076,True,True
2025-06-01,wholesale,dairy,16003729.239299998,5.167499154910577,True,True
2025-07-01,wholesale,dairy,15978183.84243,5.033628661698245,True,True
2025-08-01,wholesale,dairy,16671925.52945,5.213404377124487,True,True
2025-09-01,wholesale,dairy,14950159.79759,5.192701928237933,True,True
2025-10-01,wholesale,dairy,16630509.007110003,4.850596670829902,True,True
2025-11-01,wholesale,dairy,16085788.45722,4.513658572474689,True,True
2025-12-01,wholesale,dairy,16305583.64695,3.8446413233889754,True,True
2026-01-01,wholesale,dairy,16229482.9159,4.775496405507903,True,True
2026-02-01,wholesale,dairy,15500880.571960002,4.710597790790779,True,True
2026-03-01,wholesale,dairy,18201573.94493,4.862612019961132,True,True
2026-04-01,wholesale,dairy,19074403.20964,5.307524993266862,True,True
2026-05-01,wholesale,dairy,20851792.81144,5.370891014708948,True,True
2017-01-01,wholesale,meat,73883.8420783,1.8044590873839232,True,True
2017-02-01,wholesale,meat,75545.846561,1.9663724624163932,True,True
2017-03-01,wholesale,meat,89305.98424900002,1.9165964529993793,True,True
2017-04-01,wholesale,meat,84722.68311199998,1.8732119325111756,True,True
2017-05-01,wholesale,meat,80608.79185699999,1.7261524973005389,True,True
2017-06-01,wholesale,meat,82545.500111,1.7195883948046609,True,True
2017-07-01,wholesale,meat,93193.371224,1.8122315185313667,True,True
2017-08-01,wholesale,meat,91274.430393,1.7964381388108766,True,True
2017-09-01,wholesale,meat,88994.75796,1.7484409512615442,True,True
2017-10-01,wholesale,meat,89844.08429,1.8264166005439748,True,True
2017-11-01,wholesale,meat,92564.13676409998,1.744519527598862,True,True
2017-12-01,wholesale,meat,118355.8536393,1.9165258072378788,True,True
2018-01-01,wholesale,meat,90568.09429700002,1.8041769577838878,True,True
2018-02-01,wholesale,meat,96542.5671795,1.969236643415738,True,True
2018-03-01,wholesale,meat,114644.73825,1.953872250668645,True,True
2018-04-01,wholesale,meat,104285.30984,1.8805322770410613,True,True
2018-05-01,wholesale,meat,105949.37129,1.7995731934237338,True,True
2018-06-01,wholesale,meat,110049.21293,1.7757196869652059,True,True
2018-07-01,wholesale,meat,116062.44997999998,1.7408051909745668,True,True
2018-08-01,wholesale,meat,119036.993779,1.8069154697972207,True,True
2018-09-01,wholesale,meat,123330.02416,1.9800148434967455,True,True
2018-10-01,wholesale,meat,127190.01224,1.8633477558374016,True,True
2018-11-01,wholesale,meat,120259.11702,1.7080157684919792,True,True
2018-12-01,wholesale,meat,147661.087,1.7318022597388325,True,True
2019-01-01,wholesale,meat,108020.71267,1.5685565742120882,True,True
2019-02-01,wholesale,meat,116225.90819,1.6501940406694406,True,True
2019-03-01,wholesale,meat,148554.28222999998,1.8148646532485668,True,True
2019-04-01,wholesale,meat,130686.73266,1.611027444916503,True,True
2019-05-01,wholesale,meat,125220.84474,1.457975505649897,True,True
2019-06-01,wholesale,meat,126170.17557,1.423962180327038,True,True
2019-07-01,wholesale,meat,128557.63611,1.4054906835775918,True,True
2019-08-01,wholesale,meat,145708.62444999997,1.4929428070247,True,True
2019-09-01,wholesale,meat,146363.94139,1.5093984743734474,True,True
2019-10-01,wholesale,meat,158337.36282999997,1.4387973360851407,True,True
2019-11-01,wholesale,meat,156887.09797,1.3783051954326337,True,True
2019-12-01,wholesale,meat,246874.59979,1.7389740491818602,True,True
2020-01-01,wholesale,meat,176836.19598999998,1.5441726153298596,True,True
2020-02-01,wholesale,meat,203702.81478,1.6806609044028813,True,True
2020-03-01,wholesale,meat,237978.15884,1.5689616152857213,True,True
2020-04-01,wholesale,meat,185597.63732,1.523328657186232,True,True
2020-05-01,wholesale,meat,176334.78515,1.357413349479169,True,True
2020-06-01,wholesale,meat,157951.07208,1.1816825938995754,True,True
2020-07-01,wholesale,meat,177066.57504,1.2864254359925305,True,True
2020-08-01,wholesale,meat,194484.81515,1.3853864235798445,True,True
2020-09-01,wholesale,meat,198672.84414,1.4901123396455815,True,True
2020-10-01,wholesale,meat,222295.53788,1.4816360597580487,True,True
2020-11-01,wholesale,meat,215789.09025,1.4231889582003332,True,True
2020-12-01,wholesale,meat,435017.30555,2.196989651007512,True,True
2021-01-01,wholesale,meat,261437.71402,1.6732021123845136,True,True
2021-02-01,wholesale,meat,269687.8825,1.6926668968228653,True,True
2021-03-01,wholesale,meat,296836.90952999995,1.621045110948432,True,True
2021-04-01,wholesale,meat,308591.65495,1.6430599207652739,True,True
2021-05-01,wholesale,meat,313445.6005,1.6284112529362773,True,True
2021-06-01,wholesale,meat,327965.41748,1.5928851827836983,True,True
2021-07-01,wholesale,meat,413441.44846,1.9397071540778563,True,True
2021-08-01,wholesale,meat,380344.70364,1.8331956390172544,True,True
2021-09-01,wholesale,meat,402796.74741,1.8999261190513423,True,True
2021-10-01,wholesale,meat,442256.12773,1.9152385979370417,True,True
2021-11-01,wholesale,meat,474652.6255,1.994488948485186,True,True
2021-12-01,wholesale,meat,696174.0590400001,2.310344917278794,True,True
2022-01-01,wholesale,meat,425367.0047,1.8231783255886251,True,True
2022-02-01,wholesale,meat,506650.05518,2.09308426645839,True,True
2022-03-01,wholesale,meat,571087.0495500001,1.9438152640585669,True,True
2022-04-01,wholesale,meat,651943.78004,2.171268317042705,True,True
2022-05-01,wholesale,meat,667931.7590100002,2.1205653395796826,True,True
2022-06-01,wholesale,meat,712292.59505,2.0949914893435584,True,True
2022-07-01,wholesale,meat,785386.634,1.9770230346064035,True,True
2022-08-01,wholesale,meat,696820.7390920001,1.8802437691066356,True,True
2022-09-01,wholesale,meat,768603.948027,1.9749488774787074,True,True
2022-10-01,wholesale,meat,813099.8298899999,1.9510677075773248,True,True
2022-11-01,wholesale,meat,809980.03753,1.7378767880383532,True,True
2022-12-01,wholesale,meat,1148003.83979,1.874016617030972,True,True
2023-01-01,wholesale,meat,977042.9513822,1.983252286621204,True,True
2023-02-01,wholesale,meat,1133788.6776549998,2.319321023213333,True,True
2023-03-01,wholesale,meat,1410093.5855899998,2.307349503529089,True,True
2023-04-01,wholesale,meat,1668519.3649799,2.4758211179051535,True,True
2023-05-01,wholesale,meat,1464967.30862,2.1190972139406847,True,True
2023-06-01,wholesale,meat,1645910.4962,2.14246376335216,True,True
2023-07-01,wholesale,meat,1758062.54016,2.1014184890429823,True,True
2023-08-01,wholesale,meat,2087828.79863,2.2728682184553097,True,True
2023-09-01,wholesale,meat,2431735.4491600003,2.320912636811698,True,True
2023-10-01,wholesale,meat,3026261.0001800004,2.3151919717095097,True,True
2023-11-01,wholesale,meat,3454224.56869,2.6375289245209057,True,True
2023-12-01,wholesale,meat,5687843.659560001,2.973432036227491,True,True
2024-01-01,wholesale,meat,4426088.19913,2.355934400858812,True,True
2024-02-01,wholesale,meat,4925509.068879999,2.435974474203835,True,True
2024-03-01,wholesale,meat,5780259.23031,2.346636783165364,True,True
2024-04-01,wholesale,meat,5892854.79749,2.523207659609763,True,True
2024-05-01,wholesale,meat,5911018.826760001,2.3570104857831664,True,True
2024-06-01,wholesale,meat,6498442.13214,2.475854493022892,True,True
2024-07-01,wholesale,meat,6320034.30248,2.373532763333559,True,True
2024-08-01,wholesale,meat,7129629.65293,2.556486095843934,True,True
2024-09-01,wholesale,meat,6594621.17231,2.4706491850284324,True,True
2024-10-01,wholesale,meat,7020160.332679999,2.2939579915881345,True,True
2024-11-01,wholesale,meat,7431507.81345,2.3620495234362626,True,True
2024-12-01,wholesale,meat,9318280.34797,2.7722307187760458,True,True
2025-01-01,wholesale,meat,6273207.4425,2.3213959040330936,True,True
2025-02-01,wholesale,meat,7126342.80445,2.6760282352632774,True,True
2025-03-01,wholesale,meat,9145296.53728,2.8506981126793587,True,True
2025-04-01,wholesale,meat,9368012.44345,3.1210154076124677,True,True
2025-05-01,wholesale,meat,9960348.10375,3.174781150033483,True,True
2025-06-01,wholesale,meat,10016571.123270003,3.234285086971606,True,True
2025-07-01,wholesale,meat,10002462.425470002,3.1510891380974626,True,True
2025-08-01,wholesale,meat,10067900.044910002,3.148288664669748,True,True
2025-09-01,wholesale,meat,8564516.20091,2.9747494604077427,True,True
2025-10-01,wholesale,meat,10367818.87179,3.0239668359983205,True,True
2025-11-01,wholesale,meat,10858180.94196,3.046796345762037,True,True
2025-12-01,wholesale,meat,14947309.500960002,3.524378214552584,True,True
2026-01-01,wholesale,meat,10710395.79191,3.1515148616179314,True,True
2026-02-01,wholesale,meat,11560192.665429998,3.5130531957904583,True,True
2026-03-01,wholesale,meat,13766173.482553,3.6776797900919025,True,True
2026-04-01,wholesale,meat,13147992.96986,3.6584788804066597,True,True
2026-05-01,wholesale,meat,13230227.477639996,3.4077698030467287,True,True
2017-01-01,wholesale,fruit_and_vegetables,20142.561385,0.4919401443123767,True,True
2017-02-01,wholesale,fruit_and_vegetables,20456.377760000003,0.5324562466259652,True,True
2017-03-01,wholesale,fruit_and_vegetables,22607.83776,0.485186989709333,True,True
2017-04-01,wholesale,fruit_and_vegetables,24054.430770000003,0.5318415929835666,True,True
2017-05-01,wholesale,fruit_and_vegetables,22686.61538,0.48581000770926636,True,True
2017-06-01,wholesale,fruit_and_vegetables,22838.710270000003,0.4757761607814705,True,True
2017-07-01,wholesale,fruit_and_vegetables,26376.324059999995,0.5129120792254303,True,True
2017-08-01,wholesale,fruit_and_vegetables,25364.086309999995,0.4992089439198438,True,True
2017-09-01,wholesale,fruit_and_vegetables,24356.763850000007,0.47852664956612245,True,True
2017-10-01,wholesale,fruit_and_vegetables,25416.029380000004,0.516675731589733,True,True
2017-11-01,wholesale,fruit_and_vegetables,29309.633910000004,0.5523870312006139,True,True
2017-12-01,wholesale,fruit_and_vegetables,34179.122416,0.5534594881858529,True,True
2018-01-01,wholesale,fruit_and_vegetables,25009.59836,0.49820791123829933,True,True
2018-02-01,wholesale,fruit_and_vegetables,25637.228656,0.5229379286253685,True,True
2018-03-01,wholesale,fruit_and_vegetables,27999.70772,0.4771946168313629,True,True
2018-04-01,wholesale,fruit_and_vegetables,28941.87561,0.5218964332197497,True,True
2018-05-01,wholesale,fruit_and_vegetables,29381.84059,0.49905697462316095,True,True
2018-06-01,wholesale,fruit_and_vegetables,30246.971770000004,0.48805567811951295,True,True
2018-07-01,wholesale,fruit_and_vegetables,32016.63487,0.4802132316596592,True,True
2018-08-01,wholesale,fruit_and_vegetables,32700.821030000003,0.4963803059734299,True,True
2018-09-01,wholesale,fruit_and_vegetables,33834.43908,0.5431985605781978,True,True
2018-10-01,wholesale,fruit_and_vegetables,34399.4127,0.5039552031469292,True,True
2018-11-01,wholesale,fruit_and_vegetables,36199.01317,0.5141272182127056,True,True
2018-12-01,wholesale,fruit_and_vegetables,40403.35615,0.4738595990533569,True,True
2019-01-01,wholesale,fruit_and_vegetables,28192.46644,0.40937962252490356,True,True
2019-02-01,wholesale,fruit_and_vegetables,30163.97312,0.4282729166044918,True,True
2019-03-01,wholesale,fruit_and_vegetables,34986.6774,0.4274268179597967,True,True
2019-04-01,wholesale,fruit_and_vegetables,28792.01267,0.3549306166099514,True,True
2019-05-01,wholesale,fruit_and_vegetables,17220.68607,0.2005044649928496,True,True
2019-06-01,wholesale,fruit_and_vegetables,18472.72455,0.2084839860764474,True,True
2019-07-01,wholesale,fruit_and_vegetables,18930.56568,0.20696346403980015,True,True
2019-08-01,wholesale,fruit_and_vegetables,21414.39165,0.21941365585842848,True,True
2019-09-01,wholesale,fruit_and_vegetables,20634.745240000004,0.21279867628973778,True,True
2019-10-01,wholesale,fruit_and_vegetables,21758.64206,0.19771881805540933,True,True
2019-11-01,wholesale,fruit_and_vegetables,22055.641460000003,0.19376612612676658,True,True
2019-12-01,wholesale,fruit_and_vegetables,26121.93562,0.18400178955720692,True,True
2020-01-01,wholesale,fruit_and_vegetables,21229.24567,0.18537844938475034,True,True
2020-02-01,wholesale,fruit_and_vegetables,24648.46074,0.2033634359160293,True,True
2020-03-01,wholesale,fruit_and_vegetables,28703.90401,0.18924141534692063,True,True
2020-04-01,wholesale,fruit_and_vegetables,19321.498990000004,0.1585849558015367,True,True
2020-05-01,wholesale,fruit_and_vegetables,19728.07061,0.15186536441293672,True,True
2020-06-01,wholesale,fruit_and_vegetables,18882.99322,0.14126972432004842,True,True
2020-07-01,wholesale,fruit_and_vegetables,19454.77557,0.14134298434992806,True,True
2020-08-01,wholesale,fruit_and_vegetables,21012.89426,0.1496825261420562,True,True
2020-09-01,wholesale,fruit_and_vegetables,21982.536170000003,0.1648763249220897,True,True
2020-10-01,wholesale,fruit_and_vegetables,26592.35606,0.1772423955432275,True,True
2020-11-01,wholesale,fruit_and_vegetables,26838.92318,0.1770101494728507,True,True
2020-12-01,wholesale,fruit_and_vegetables,35128.26218,0.17741001905605358,True,True
2021-01-01,wholesale,fruit_and_vegetables,30475.37327,0.1950424754982737,True,True
2021-02-01,wholesale,fruit_and_vegetables,31095.42612,0.1951670870341201,True,True
2021-03-01,wholesale,fruit_and_vegetables,36422.518480000006,0.19890567383927626,True,True
2021-04-01,wholesale,fruit_and_vegetables,35615.48833,0.18963047281038065,True,True
2021-05-01,wholesale,fruit_and_vegetables,34445.16075,0.1789493528861924,True,True
2021-06-01,wholesale,fruit_and_vegetables,33171.83176,0.16111125283360073,True,True
2021-07-01,wholesale,fruit_and_vegetables,38256.58413,0.17948507631237606,True,True
2021-08-01,wholesale,fruit_and_vegetables,36334.41799,0.17512560571513383,True,True
2021-09-01,wholesale,fruit_and_vegetables,36416.3356,0.1717698755301854,True,True
2021-10-01,wholesale,fruit_and_vegetables,41111.94566,0.17803978334562043,True,True
2021-11-01,wholesale,fruit_and_vegetables,37999.15256,0.15967232826930305,True,True
2021-12-01,wholesale,fruit_and_vegetables,47329.19876,0.15706815325010706,True,True
2022-01-01,wholesale,fruit_and_vegetables,42231.61608,0.18101020116955033,True,True
2022-02-01,wholesale,fruit_and_vegetables,49014.800310000006,0.20249106124347002,True,True
2022-03-01,wholesale,fruit_and_vegetables,58299.98129,0.19843628675370448,True,True
2022-04-01,wholesale,fruit_and_vegetables,60225.66471,0.20057876409164724,True,True
2022-05-01,wholesale,fruit_and_vegetables,61548.07284,0.195404258327048,True,True
2022-06-01,wholesale,fruit_and_vegetables,66462.53006,0.1954792676542797,True,True
2022-07-01,wholesale,fruit_and_vegetables,83732.78931000001,0.21077727332155594,True,True
2022-08-01,wholesale,fruit_and_vegetables,80555.78662,0.21736510893046349,True,True
2022-09-01,wholesale,fruit_and_vegetables,84941.70090000001,0.21826002491167804,True,True
2022-10-01,wholesale,fruit_and_vegetables,100412.78381,0.24094475575789773,True,True
2022-11-01,wholesale,fruit_and_vegetables,96027.88829,0.20603549511224833,True,True
2022-12-01,wholesale,fruit_and_vegetables,111063.80584,0.18130202224143688,True,True
2023-01-01,wholesale,fruit_and_vegetables,118450.64114,0.24043723416695273,True,True
2023-02-01,wholesale,fruit_and_vegetables,121078.26488,0.24768228041506957,True,True
2023-03-01,wholesale,fruit_and_vegetables,145017.0317,0.2372927439112167,True,True
2023-04-01,wholesale,fruit_and_vegetables,156899.40142,0.23281411026775437,True,True
2023-05-01,wholesale,fruit_and_vegetables,159817.21202,0.23117799744649276,True,True
2023-06-01,wholesale,fruit_and_vegetables,186312.3856,0.24252080276131288,True,True
2023-07-01,wholesale,fruit_and_vegetables,232699.91432,0.2781470460693977,True,True
2023-08-01,wholesale,fruit_and_vegetables,223960.8106,0.24380993735034626,True,True
2023-09-01,wholesale,fruit_and_vegetables,244329.45316,0.2331944930852652,True,True
2023-10-01,wholesale,fruit_and_vegetables,284312.78427,0.21750889151898337,True,True
2023-11-01,wholesale,fruit_and_vegetables,290706.65359000006,0.22197375768336047,True,True
2023-12-01,wholesale,fruit_and_vegetables,388672.69101,0.2031862864432678,True,True
2024-01-01,wholesale,fruit_and_vegetables,399850.60877,0.21283394320762672,True,True
2024-02-01,wholesale,fruit_and_vegetables,462278.21133,0.22862569270155605,True,True
2024-03-01,wholesale,fruit_and_vegetables,570798.3645,0.23172947519076834,True,True
2024-04-01,wholesale,fruit_and_vegetables,595975.4111200001,0.25518526655664026,True,True
2024-05-01,wholesale,fruit_and_vegetables,614132.715,0.24488456074008322,True,True
2024-06-01,wholesale,fruit_and_vegetables,657043.8320299999,0.2503284465054936,True,True
2024-07-01,wholesale,fruit_and_vegetables,643835.29791,0.24179681638442238,True,True
2024-08-01,wholesale,fruit_and_vegetables,729517.0531499999,0.2615844432105352,True,True
2024-09-01,wholesale,fruit_and_vegetables,667701.85872,0.2501519056189678,True,True
2024-10-01,wholesale,fruit_and_vegetables,674170.43593,0.22029677185502186,True,True
2024-11-01,wholesale,fruit_and_vegetables,694365.50657,0.22069891535548775,True,True
2024-12-01,wholesale,fruit_and_vegetables,733646.68337,0.21826321986648015,True,True
2025-01-01,wholesale,fruit_and_vegetables,629670.82476,0.23300923600646636,True,True
2025-02-01,wholesale,fruit_and_vegetables,620132.83655,0.23286740839711598,True,True
2025-03-01,wholesale,fruit_and_vegetables,755692.4458300001,0.23555835727272637,True,True
2025-04-01,wholesale,fruit_and_vegetables,697006.08027,0.23221219323243236,True,True
2025-05-01,wholesale,fruit_and_vegetables,710501.12985,0.22646654219605264,True,True
2025-06-01,wholesale,fruit_and_vegetables,669288.48833,0.21610886101119325,True,True
2025-07-01,wholesale,fruit_and_vegetables,743944.32812,0.23436577834262587,True,True
2025-08-01,wholesale,fruit_and_vegetables,757812.4908500001,0.23697220515159867,True,True
2025-09-01,wholesale,fruit_and_vegetables,653193.20139,0.22687634395162343,True,True
2025-10-01,wholesale,fruit_and_vegetables,756000.3966399999,0.2205015496230634,True,True
2025-11-01,wholesale,fruit_and_vegetables,759178.5088399999,0.21302484448166284,True,True
2025-12-01,wholesale,fruit_and_vegetables,790341.70186,0.1863521375474897,True,True
2026-01-01,wholesale,fruit_and_vegetables,771124.68814,0.22690206431673984,True,True
2026-02-01,wholesale,fruit_and_vegetables,763548.93223,0.23203661860537153,True,True
2026-03-01,wholesale,fruit_and_vegetables,837972.7104,0.22386724281750675,True,True
2026-04-01,wholesale,fruit_and_vegetables,824738.2070899999,0.22948653223499152,True,True
2026-05-01,wholesale,fruit_and_vegetables,880157.95363,0.22670628312029178,True,True
2017-01-01,wholesale,cleaning_and_personal_care,1219345.18062,29.779968528109013,True,True
2017-02-01,wholesale,cleaning_and_personal_care,1089117.69183,28.348494788734115,True,True
2017-03-01,wholesale,cleaning_and_personal_care,1296008.6130700004,27.81365136675509,True,True
2017-04-01,wholesale,cleaning_and_personal_care,1218971.2474299998,26.951359449456486,True,True
2017-05-01,wholesale,cleaning_and_personal_care,1266489.74326,27.120545821006793,True,True
2017-06-01,wholesale,cleaning_and_personal_care,1278099.0415500002,26.625367540385902,True,True
2017-07-01,wholesale,cleaning_and_personal_care,1380784.78278,26.850640456474732,True,True
2017-08-01,wholesale,cleaning_and_personal_care,1366762.5799200002,26.900243745110664,True,True
2017-09-01,wholesale,cleaning_and_personal_care,1392767.8373099994,27.3630984360596,True,True
2017-10-01,wholesale,cleaning_and_personal_care,1373996.4507700005,27.9316100398404,True,True
2017-11-01,wholesale,cleaning_and_personal_care,1433971.69667,27.025495124966188,True,True
2017-12-01,wholesale,cleaning_and_personal_care,1546348.3068800005,25.03988054655924,True,True
2018-01-01,wholesale,cleaning_and_personal_care,1471234.4329200005,29.307973011644044,True,True
2018-02-01,wholesale,cleaning_and_personal_care,1389429.06562,28.341017950751002,True,True
2018-03-01,wholesale,cleaning_and_personal_care,1584679.2297400006,27.00743898466662,True,True
2018-04-01,wholesale,cleaning_and_personal_care,1496972.5855899998,26.99426476621386,True,True
2018-05-01,wholesale,cleaning_and_personal_care,1605054.61621,27.262202938481785,True,True
2018-06-01,wholesale,cleaning_and_personal_care,1647645.7058410002,26.585895883385913,True,True
2018-07-01,wholesale,cleaning_and_personal_care,1738813.1656900002,26.080226511586453,True,True
2018-08-01,wholesale,cleaning_and_personal_care,1793279.6275600002,27.220989020658582,True,True
2018-09-01,wholesale,cleaning_and_personal_care,1685320.5075019996,27.057155332867545,True,True
2018-10-01,wholesale,cleaning_and_personal_care,1923134.4610220003,28.174132693352703,True,True
2018-11-01,wholesale,cleaning_and_personal_care,1914278.600558,27.18810944284632,True,True
2018-12-01,wholesale,cleaning_and_personal_care,2179925.7272190005,25.56665657256528,True,True
2019-01-01,wholesale,cleaning_and_personal_care,2123809.6797720003,30.839600602883532,True,True
2019-02-01,wholesale,cleaning_and_personal_care,2114313.303448,30.01935857325658,True,True
2019-03-01,wholesale,cleaning_and_personal_care,2318817.3641600003,28.32863252664376,True,True
2019-04-01,wholesale,cleaning_and_personal_care,2345770.5721270004,28.91724886110627,True,True
2019-05-01,wholesale,cleaning_and_personal_care,2498821.145069999,29.094357493567617,True,True
2019-06-01,wholesale,cleaning_and_personal_care,2534728.6878521,28.607060048742454,True,True
2019-07-01,wholesale,cleaning_and_personal_care,2611294.2115903003,28.54867122268728,True,True
2019-08-01,wholesale,cleaning_and_personal_care,2672225.430817,27.37984625649742,True,True
2019-09-01,wholesale,cleaning_and_personal_care,2823759.3213190003,29.12041019884632,True,True
2019-10-01,wholesale,cleaning_and_personal_care,3202505.1961799995,29.10087589376965,True,True
2019-11-01,wholesale,cleaning_and_personal_care,3265783.8672119994,28.690994540539638,True,True
2019-12-01,wholesale,cleaning_and_personal_care,3715763.714699,26.173679585707166,True,True
2020-01-01,wholesale,cleaning_and_personal_care,3649741.466050001,31.870346414978133,True,True
2020-02-01,wholesale,cleaning_and_personal_care,3647253.47305,30.091858707121805,True,True
2020-03-01,wholesale,cleaning_and_personal_care,4687271.211619999,30.902620002241438,True,True
2020-04-01,wholesale,cleaning_and_personal_care,3488699.8368000006,28.634181525465397,True,True
2020-05-01,wholesale,cleaning_and_personal_care,3721119.86593,28.644931155975705,True,True
2020-06-01,wholesale,cleaning_and_personal_care,3819847.4754400006,28.57750323335877,True,True
2020-07-01,wholesale,cleaning_and_personal_care,3915802.558865,28.44911871656528,True,True
2020-08-01,wholesale,cleaning_and_personal_care,4063563.77312,28.946250010775383,True,True
2020-09-01,wholesale,cleaning_and_personal_care,3959289.58307,29.69598733788387,True,True
2020-10-01,wholesale,cleaning_and_personal_care,4396591.138635,29.303997881103644,True,True
2020-11-01,wholesale,cleaning_and_personal_care,4387501.445616,28.936790104886644,True,True
2020-12-01,wholesale,cleaning_and_personal_care,4840469.467712999,24.446064997662486,True,True
2021-01-01,wholesale,cleaning_and_personal_care,4684442.303654,29.980444050308826,True,True
2021-02-01,wholesale,cleaning_and_personal_care,4625443.704055,29.031098351152785,True,True
2021-03-01,wholesale,cleaning_and_personal_care,5204528.896656,28.42226101892959,True,True
2021-04-01,wholesale,cleaning_and_personal_care,5391478.913651998,28.706294465765815,True,True
2021-05-01,wholesale,cleaning_and_personal_care,5260578.111819,27.329733071931678,True,True
2021-06-01,wholesale,cleaning_and_personal_care,5509251.316280999,26.7577138387487,True,True
2021-07-01,wholesale,cleaning_and_personal_care,5747206.735354999,26.963668161614134,True,True
2021-08-01,wholesale,cleaning_and_personal_care,5532756.573129,26.666929037098473,True,True
2021-09-01,wholesale,cleaning_and_personal_care,5817881.507394,27.4419917849844,True,True
2021-10-01,wholesale,cleaning_and_personal_care,6431529.994876999,27.852445037230577,True,True
2021-11-01,wholesale,cleaning_and_personal_care,6454481.928962999,27.121714247241734,True,True
2021-12-01,wholesale,cleaning_and_personal_care,7426718.641205001,24.646539815672423,True,True
2022-01-01,wholesale,cleaning_and_personal_care,6931817.344558,29.710671020312557,True,True
2022-02-01,wholesale,cleaning_and_personal_care,6896491.368178999,28.49094247384063,True,True
2022-03-01,wholesale,cleaning_and_personal_care,8292346.363650001,28.224750411035508,True,True
2022-04-01,wholesale,cleaning_and_personal_care,8352850.648189,27.818779049153054,True,True
2022-05-01,wholesale,cleaning_and_personal_care,8626972.458050998,27.389113533344638,True,True
2022-06-01,wholesale,cleaning_and_personal_care,9121301.685628,26.82752781079289,True,True
2022-07-01,wholesale,cleaning_and_personal_care,11133629.43925,28.02624962951588,True,True
2022-08-01,wholesale,cleaning_and_personal_care,10361860.91277,27.959593227625078,True,True
2022-09-01,wholesale,cleaning_and_personal_care,10921547.401849996,28.06321491970327,True,True
2022-10-01,wholesale,cleaning_and_personal_care,11456983.52002,27.49152041414236,True,True
2022-11-01,wholesale,cleaning_and_personal_care,12516047.89787,26.854179253620032,True,True
2022-12-01,wholesale,cleaning_and_personal_care,15412078.54771,25.158880397715805,True,True
2023-01-01,wholesale,cleaning_and_personal_care,14308401.21279,29.04393239111428,True,True
2023-02-01,wholesale,cleaning_and_personal_care,13876595.55262,28.386488972871494,True,True
2023-03-01,wholesale,cleaning_and_personal_care,17054273.91226,27.906070098203895,True,True
2023-04-01,wholesale,cleaning_and_personal_care,18576391.06929,27.564451614480923,True,True
2023-05-01,wholesale,cleaning_and_personal_care,18906996.750189997,27.349254759176283,True,True
2023-06-01,wholesale,cleaning_and_personal_care,20915451.254800003,27.225415058123787,True,True
2023-07-01,wholesale,cleaning_and_personal_care,22725987.852670003,27.164455168369983,True,True
2023-08-01,wholesale,cleaning_and_personal_care,24380531.58135,26.54132149947256,True,True
2023-09-01,wholesale,cleaning_and_personal_care,28346889.02468,27.055020715516093,True,True
2023-10-01,wholesale,cleaning_and_personal_care,35643076.668230005,27.268158610379068,True,True
2023-11-01,wholesale,cleaning_and_personal_care,34740421.337759994,26.526609462202718,True,True
2023-12-01,wholesale,cleaning_and_personal_care,50137472.34149,26.210348841970223,True,True
2024-01-01,wholesale,cleaning_and_personal_care,58928702.34967001,31.366785029463756,True,True
2024-02-01,wholesale,cleaning_and_personal_care,60719501.50915,30.02961799363895,True,True
2024-03-01,wholesale,cleaning_and_personal_care,73119432.97133999,29.684611734193535,True,True
2024-04-01,wholesale,cleaning_and_personal_care,67068225.051850006,28.717330560960004,True,True
2024-05-01,wholesale,cleaning_and_personal_care,71242298.56207001,28.407766861086987,True,True
2024-06-01,wholesale,cleaning_and_personal_care,74107824.5693,28.23448862006437,True,True
2024-07-01,wholesale,cleaning_and_personal_care,72771292.03989998,27.32976398862889,True,True
2024-08-01,wholesale,cleaning_and_personal_care,75922104.13497,27.22354638834586,True,True
2024-09-01,wholesale,cleaning_and_personal_care,76164539.08893001,28.534748473234263,True,True
2024-10-01,wholesale,cleaning_and_personal_care,87227577.03443997,28.503109322666266,True,True
2024-11-01,wholesale,cleaning_and_personal_care,86846677.04634002,27.603570806729476,True,True
2024-12-01,wholesale,cleaning_and_personal_care,84999976.52123,25.28787900856952,True,True
2025-01-01,wholesale,cleaning_and_personal_care,77580145.75319,28.708477160445128,True,True
2025-02-01,wholesale,cleaning_and_personal_care,73900341.20425001,27.750475255649164,True,True
2025-03-01,wholesale,cleaning_and_personal_care,87806077.68891,27.370202697002956,True,True
2025-04-01,wholesale,cleaning_and_personal_care,80012538.54906002,26.656707292100606,True,True
2025-05-01,wholesale,cleaning_and_personal_care,83000575.31485,26.4557683332685,True,True
2025-06-01,wholesale,cleaning_and_personal_care,79063570.68812999,25.52910816010499,True,True
2025-07-01,wholesale,cleaning_and_personal_care,81088277.23007,25.54534860896546,True,True
2025-08-01,wholesale,cleaning_and_personal_care,82961689.52079,25.942584407381148,True,True
2025-09-01,wholesale,cleaning_and_personal_care,75884119.59704998,26.357150658534106,True,True
2025-10-01,wholesale,cleaning_and_personal_care,89199272.37863998,26.016623631622004,True,True
2025-11-01,wholesale,cleaning_and_personal_care,90560728.91682,25.41126358164258,True,True
2025-12-01,wholesale,cleaning_and_personal_care,99155837.45242,23.379637207658124,True,True
2026-01-01,wholesale,cleaning_and_personal_care,92855463.50325002,27.322554544058335,True,True
2026-02-01,wholesale,cleaning_and_personal_care,87020577.47798002,26.44488086455068,True,True
2026-03-01,wholesale,cleaning_and_personal_care,96506043.461162,25.781915803157894,True,True
2026-04-01,wholesale,cleaning_and_personal_care,94387294.46548,26.263622453424528,True,True
2026-05-01,wholesale,cleaning_and_personal_care,100473936.16389,25.879528241764206,True,True
2017-01-01,wholesale,clothing_and_home_textiles,1146.3800635,0.027997947385926338,True,True
2017-02-01,wholesale,clothing_and_home_textiles,1018.55948,0.026511944785580405,True,True
2017-03-01,wholesale,clothing_and_home_textiles,927.07161,0.019895891348650795,True,True
2017-04-01,wholesale,clothing_and_home_textiles,1098.13105,0.024279592085176434,True,True
2017-05-01,wholesale,clothing_and_home_textiles,1077.4923,0.02307336435170239,True,True
2017-06-01,wholesale,clothing_and_home_textiles,1220.7232400000005,0.025430114469590745,True,True
2017-07-01,wholesale,clothing_and_home_textiles,1321.1750500000005,0.025691473928466064,True,True
2017-08-01,wholesale,clothing_and_home_textiles,1283.5589900000002,0.025262653660190988,True,True
2017-09-01,wholesale,clothing_and_home_textiles,1575.2899499999996,0.03094903027803852,True,True
2017-10-01,wholesale,clothing_and_home_textiles,1343.2650499999995,0.02730687953067156,True,True
2017-11-01,wholesale,clothing_and_home_textiles,1387.04852,0.026141152647853234,True,True
2017-12-01,wholesale,clothing_and_home_textiles,1458.3561103999998,0.023615030738087486,True,True
2018-01-01,wholesale,clothing_and_home_textiles,1506.3632947,0.030007763412100222,True,True
2018-02-01,wholesale,clothing_and_home_textiles,1196.894639,0.024413777779954602,True,True
2018-03-01,wholesale,clothing_and_home_textiles,1151.02436,0.01961672721467125,True,True
2018-04-01,wholesale,clothing_and_home_textiles,1323.5549839,0.02386709951268542,True,True
2018-05-01,wholesale,clothing_and_home_textiles,1299.2711740000009,0.022068404439312322,True,True
2018-06-01,wholesale,clothing_and_home_textiles,1397.835250946,0.022555032500028997,True,True
2018-07-01,wholesale,clothing_and_home_textiles,1555.05879,0.02332411916489021,True,True
2018-08-01,wholesale,clothing_and_home_textiles,1496.7823220141,0.022720324553789337,True,True
2018-09-01,wholesale,clothing_and_home_textiles,1828.5461794316,0.02935658694590684,True,True
2018-10-01,wholesale,clothing_and_home_textiles,1759.8935247898,0.025782634911159657,True,True
2018-11-01,wholesale,clothing_and_home_textiles,1602.464745651,0.022759480710050507,True,True
2018-12-01,wholesale,clothing_and_home_textiles,1854.154403105,0.02174593760915457,True,True
2019-01-01,wholesale,clothing_and_home_textiles,1680.985008198,0.02440939353747863,True,True
2019-02-01,wholesale,clothing_and_home_textiles,1630.769983093,0.023153933143748175,True,True
2019-03-01,wholesale,clothing_and_home_textiles,1633.8845109205,0.01996091396254015,True,True
2019-04-01,wholesale,clothing_and_home_textiles,1779.666749954,0.021938661397560486,True,True
2019-05-01,wholesale,clothing_and_home_textiles,2795.091952483,0.03254390761554737,True,True
2019-06-01,wholesale,clothing_and_home_textiles,2763.807903434,0.031192458204954355,True,True
2019-07-01,wholesale,clothing_and_home_textiles,2695.752747279,0.02947203671579188,True,True
2019-08-01,wholesale,clothing_and_home_textiles,2143.296754516,0.021960398604078966,True,True
2019-09-01,wholesale,clothing_and_home_textiles,2505.220953434,0.025835439037582706,True,True
2019-10-01,wholesale,clothing_and_home_textiles,2948.214682087,0.026790160925871956,True,True
2019-11-01,wholesale,clothing_and_home_textiles,2703.851771436,0.023754234685140242,True,True
2019-12-01,wholesale,clothing_and_home_textiles,3000.205052986,0.021133315188378785,True,True
2020-01-01,wholesale,clothing_and_home_textiles,2648.959037957,0.023131293809187364,True,True
2020-02-01,wholesale,clothing_and_home_textiles,2387.77726,0.019700483243878294,True,True
2020-03-01,wholesale,clothing_and_home_textiles,1747.755973229,0.011522746659815446,True,True
2020-04-01,wholesale,clothing_and_home_textiles,2414.451795318,0.019817082072339044,True,True
2020-05-01,wholesale,clothing_and_home_textiles,8695.20854609,0.06693513220847294,True,True
2020-06-01,wholesale,clothing_and_home_textiles,5743.656734582999,0.04297013688614404,True,True
2020-07-01,wholesale,clothing_and_home_textiles,4530.5981223894,0.03291573614944037,True,True
2020-08-01,wholesale,clothing_and_home_textiles,4120.778057535,0.02935380827079811,True,True
2020-09-01,wholesale,clothing_and_home_textiles,3751.464789518001,0.028137232336934156,True,True
2020-10-01,wholesale,clothing_and_home_textiles,5477.907452265,0.03651114768517983,True,True
2020-11-01,wholesale,clothing_and_home_textiles,6634.772423808,0.04375816610003807,True,True
2020-12-01,wholesale,clothing_and_home_textiles,8755.817057110999,0.04421994071308715,True,True
2021-01-01,wholesale,clothing_and_home_textiles,6759.316468762,0.04325964460101887,True,True
2021-02-01,wholesale,clothing_and_home_textiles,6409.837301907,0.04023065224281394,True,True
2021-03-01,wholesale,clothing_and_home_textiles,8919.973414409998,0.048712538195180025,True,True
2021-04-01,wholesale,clothing_and_home_textiles,13033.59463761,0.0693958395473396,True,True
2021-05-01,wholesale,clothing_and_home_textiles,22337.577004960003,0.1160480852185625,True,True
2021-06-01,wholesale,clothing_and_home_textiles,17862.551360550002,0.08675607814859936,True,True
2021-07-01,wholesale,clothing_and_home_textiles,25644.96844622,0.1203162598876355,True,True
2021-08-01,wholesale,clothing_and_home_textiles,19211.02990594,0.09259383897700607,True,True
2021-09-01,wholesale,clothing_and_home_textiles,17317.44449612,0.08168354219581135,True,True
2021-10-01,wholesale,clothing_and_home_textiles,20933.050888472,0.09065286950338906,True,True
2021-11-01,wholesale,clothing_and_home_textiles,18539.04381325,0.07790100805206603,True,True
2021-12-01,wholesale,clothing_and_home_textiles,22417.68444446,0.07439602588013439,True,True
2022-01-01,wholesale,clothing_and_home_textiles,20484.98022445,0.08780129049188767,True,True
2022-02-01,wholesale,clothing_and_home_textiles,20445.16712919,0.08446354087145298,True,True
2022-03-01,wholesale,clothing_and_home_textiles,21994.2941718,0.07486222068426732,True,True
2022-04-01,wholesale,clothing_and_home_textiles,21183.37849533,0.07055025292520128,True,True
2022-05-01,wholesale,clothing_and_home_textiles,19526.570854930003,0.06199341294563512,True,True
2022-06-01,wholesale,clothing_and_home_textiles,25120.035116975003,0.07388292416318015,True,True
2022-07-01,wholesale,clothing_and_home_textiles,26055.4264435276,0.06558830520579864,True,True
2022-08-01,wholesale,clothing_and_home_textiles,16587.700144722003,0.04475888573805058,True,True
2022-09-01,wholesale,clothing_and_home_textiles,18536.77206027,0.04763074307188293,True,True
2022-10-01,wholesale,clothing_and_home_textiles,29330.469416456,0.0703797118421159,True,True
2022-11-01,wholesale,clothing_and_home_textiles,30569.12223693,0.06558849046239619,True,True
2022-12-01,wholesale,clothing_and_home_textiles,51017.54783773,0.08328171831338797,True,True
2023-01-01,wholesale,clothing_and_home_textiles,56864.791909980006,0.11542709399229936,True,True
2023-02-01,wholesale,clothing_and_home_textiles,48111.835696550006,0.09841939172226312,True,True
2023-03-01,wholesale,clothing_and_home_textiles,65928.56859,0.10787954186804635,True,True
2023-04-01,wholesale,clothing_and_home_textiles,101239.6995172,0.150223839948106,True,True
2023-05-01,wholesale,clothing_and_home_textiles,108014.23338,0.1562442108261883,True,True
2023-06-01,wholesale,clothing_and_home_textiles,136278.16318,0.1773918004796928,True,True
2023-07-01,wholesale,clothing_and_home_textiles,143289.42703999998,0.17127436845268743,True,True
2023-08-01,wholesale,clothing_and_home_textiles,123041.45539999998,0.1339463339688833,True,True
2023-09-01,wholesale,clothing_and_home_textiles,130999.77311,0.12502964865503322,True,True
2023-10-01,wholesale,clothing_and_home_textiles,165007.18535999997,0.126236075076516,True,True
2023-11-01,wholesale,clothing_and_home_textiles,180738.22807,0.13800559136259882,True,True
2023-12-01,wholesale,clothing_and_home_textiles,254901.49572,0.1332547655704701,True,True
2024-01-01,wholesale,clothing_and_home_textiles,212432.11653,0.11307414327591787,True,True
2024-02-01,wholesale,clothing_and_home_textiles,213784.29408,0.10572979890644757,True,True
2024-03-01,wholesale,clothing_and_home_textiles,283811.98488,0.11522037622988437,True,True
2024-04-01,wholesale,clothing_and_home_textiles,331741.24778000003,0.1420452541548334,True,True
2024-05-01,wholesale,clothing_and_home_textiles,468409.1640599999,0.18677749871615726,True,True
2024-06-01,wholesale,clothing_and_home_textiles,502479.66573,0.1914407349874451,True,True
2024-07-01,wholesale,clothing_and_home_textiles,511599.74818000005,0.1921348375501592,True,True
2024-08-01,wholesale,clothing_and_home_textiles,509149.60778,0.18256683114796038,True,True
2024-09-01,wholesale,clothing_and_home_textiles,482386.7149,0.18072430741594134,True,True
2024-10-01,wholesale,clothing_and_home_textiles,511359.68204,0.16709556101317838,True,True
2024-11-01,wholesale,clothing_and_home_textiles,535455.01506,0.17019039673953767,True,True
2024-12-01,wholesale,clothing_and_home_textiles,712956.4495699999,0.2121077813545326,True,True
2025-01-01,wholesale,clothing_and_home_textiles,557252.6014800001,0.20621092454610915,True,True
2025-02-01,wholesale,clothing_and_home_textiles,504120.26949,0.18930328109972103,True,True
2025-03-01,wholesale,clothing_and_home_textiles,612636.94515,0.19096624982880883,True,True
2025-04-01,wholesale,clothing_and_home_textiles,665972.00339,0.22187298492243146,True,True
2025-05-01,wholesale,clothing_and_home_textiles,691354.6024099999,0.22036373998754094,True,True
2025-06-01,wholesale,clothing_and_home_textiles,742373.47936,0.23970752503112333,True,True
2025-07-01,wholesale,clothing_and_home_textiles,711186.70213,0.2240460995419232,True,True
2025-08-01,wholesale,clothing_and_home_textiles,648978.54881,0.20293922265004072,True,True
2025-09-01,wholesale,clothing_and_home_textiles,509819.93179,0.17707790275839208,True,True
2025-10-01,wholesale,clothing_and_home_textiles,549870.4861800001,0.16037993476399467,True,True
2025-11-01,wholesale,clothing_and_home_textiles,557781.33574,0.15651296884357635,True,True
2025-12-01,wholesale,clothing_and_home_textiles,640423.6159300001,0.15100343241863828,True,True
2026-01-01,wholesale,clothing_and_home_textiles,563035.4225699999,0.16567216901423706,True,True
2026-02-01,wholesale,clothing_and_home_textiles,496424.40818999993,0.15085954050536554,True,True
2026-03-01,wholesale,clothing_and_home_textiles,543323.86747,0.14515080820399634,True,True
2026-04-01,wholesale,clothing_and_home_textiles,508245.77845,0.14142131432360858,True,True
2026-05-01,wholesale,clothing_and_home_textiles,672381.9440199999,0.17318847229329254,True,True
2017-01-01,wholesale,electronics_and_home,48728.123755,1.190083017443715,True,True
2017-02-01,wholesale,electronics_and_home,34128.345838,0.8883220256123372,True,True
2017-03-01,wholesale,electronics_and_home,36321.559693,0.7794972874484445,True,True
2017-04-01,wholesale,electronics_and_home,43054.65517600001,0.9519350764566857,True,True
2017-05-01,wholesale,electronics_and_home,47370.57045299999,1.014390944241603,True,True
2017-06-01,wholesale,electronics_and_home,49580.578066,1.0328629245125698,True,True
2017-07-01,wholesale,electronics_and_home,54721.565042,1.0641115737096325,True,True
2017-08-01,wholesale,electronics_and_home,52309.34259099999,1.029538038659766,True,True
2017-09-01,wholesale,electronics_and_home,52594.32725000001,1.0332976646701246,True,True
2017-10-01,wholesale,electronics_and_home,52931.00562999999,1.0760203983388896,True,True
2017-11-01,wholesale,electronics_and_home,62074.14333,1.169886729178191,True,True
2017-12-01,wholesale,electronics_and_home,86809.11404,1.4056922597858936,True,True
2018-01-01,wholesale,electronics_and_home,72487.019581,1.4439898673102767,True,True
2018-02-01,wholesale,electronics_and_home,63892.89094699999,1.303261615911483,True,True
2018-03-01,wholesale,electronics_and_home,64280.38955000001,1.09552057356558,True,True
2018-04-01,wholesale,electronics_and_home,65926.018522,1.1888156243447745,True,True
2018-05-01,wholesale,electronics_and_home,82270.88172,1.397388880556959,True,True
2018-06-01,wholesale,electronics_and_home,101863.9614214268,1.6436450281870436,True,True
2018-07-01,wholesale,electronics_and_home,75646.60876999998,1.1346133848555708,True,True
2018-08-01,wholesale,electronics_and_home,75004.40968673269,1.138525292545441,True,True
2018-09-01,wholesale,electronics_and_home,68926.12941048,1.1065817935823552,True,True
2018-10-01,wholesale,electronics_and_home,75285.84871977,1.102946015867901,True,True
2018-11-01,wholesale,electronics_and_home,82803.97594570601,1.1760480212537687,True,True
2018-12-01,wholesale,electronics_and_home,135875.984163353,1.5935839373736462,True,True
2019-01-01,wholesale,electronics_and_home,95126.47669725,1.381320829283365,True,True
2019-02-01,wholesale,electronics_and_home,78747.70416839999,1.1180725034444123,True,True
2019-03-01,wholesale,electronics_and_home,84701.381184409,1.034783652718384,True,True
2019-04-01,wholesale,electronics_and_home,89597.58879351,1.1045051904405605,True,True
2019-05-01,wholesale,electronics_and_home,99910.9825728,1.1632868763903543,True,True
2019-06-01,wholesale,electronics_and_home,123461.71134939,1.393394333373557,True,True
2019-07-01,wholesale,electronics_and_home,162132.53563518,1.7725572376352354,True,True
2019-08-01,wholesale,electronics_and_home,131656.146317559,1.3489599355379212,True,True
2019-09-01,wholesale,electronics_and_home,154919.6805622,1.5976307229109834,True,True
2019-10-01,wholesale,electronics_and_home,230350.1094115,2.0931706696670576,True,True
2019-11-01,wholesale,electronics_and_home,260444.51792011005,2.2880914798989918,True,True
2019-12-01,wholesale,electronics_and_home,411263.56389667,2.8969228328823973,True,True
2020-01-01,wholesale,electronics_and_home,282488.329858526,2.466750320406529,True,True
2020-02-01,wholesale,electronics_and_home,262172.24962,2.163066085422343,True,True
2020-03-01,wholesale,electronics_and_home,237939.80049228505,1.568708723274606,True,True
2020-04-01,wholesale,electronics_and_home,189603.83800072,1.5562103274030654,True,True
2020-05-01,wholesale,electronics_and_home,366931.881688,2.8246170154635664,True,True
2020-06-01,wholesale,electronics_and_home,358594.2614403,2.682758600091397,True,True
2020-07-01,wholesale,electronics_and_home,365919.14198773,2.658478550586067,True,True
2020-08-01,wholesale,electronics_and_home,398651.9841512999,2.8397437925959244,True,True
2020-09-01,wholesale,electronics_and_home,341045.31736348,2.557953191748499,True,True
2020-10-01,wholesale,electronics_and_home,553924.19705477,3.691995226516467,True,True
2020-11-01,wholesale,electronics_and_home,315823.3811488,2.082942878491826,True,True
2020-12-01,wholesale,electronics_and_home,594180.9435215,3.000821730740488,True,True
2021-01-01,wholesale,electronics_and_home,559602.4115416,3.58145702350826,True,True
2021-02-01,wholesale,electronics_and_home,459505.31009004,2.8840355009414864,True,True
2021-03-01,wholesale,electronics_and_home,562509.2676962,3.0718986385685674,True,True
2021-04-01,wholesale,electronics_and_home,562397.15228979,2.994417398064763,True,True
2021-05-01,wholesale,electronics_and_home,727499.79738129,3.7795038586434218,True,True
2021-06-01,wholesale,electronics_and_home,725684.2911438401,3.524553788700619,True,True
2021-07-01,wholesale,electronics_and_home,673220.1471739,3.158488198526377,True,True
2021-08-01,wholesale,electronics_and_home,652208.3602607,3.143531408004516,True,True
2021-09-01,wholesale,electronics_and_home,732228.5015663,3.453801611321309,True,True
2021-10-01,wholesale,electronics_and_home,940077.3554706,4.071107947074219,True,True
2021-11-01,wholesale,electronics_and_home,886594.3494919,3.725466871669094,True,True
2021-12-01,wholesale,electronics_and_home,1320817.9064709,4.383307446235265,True,True
2022-01-01,wholesale,electronics_and_home,1197463.8383994,5.132485810425498,True,True
2022-02-01,wholesale,electronics_and_home,608335.8198665,2.513170817347026,True,True
2022-03-01,wholesale,electronics_and_home,691486.5195035,2.353620262551504,True,True
2022-04-01,wholesale,electronics_and_home,708373.2031247001,2.359203875666012,True,True
2022-05-01,wholesale,electronics_and_home,939422.689024209,2.9825010814160957,True,True
2022-06-01,wholesale,electronics_and_home,1087263.23241057,3.197853290074451,True,True
2022-07-01,wholesale,electronics_and_home,814015.0560969999,2.049088241066492,True,True
2022-08-01,wholesale,electronics_and_home,678899.40653689,1.8318863193631876,True,True
2022-09-01,wholesale,electronics_and_home,830311.8833957999,2.133509106060644,True,True
2022-10-01,wholesale,electronics_and_home,789870.0246772701,1.895326799588204,True,True
2022-11-01,wholesale,electronics_and_home,2083015.5765308,4.469276095512573,True,True
2022-12-01,wholesale,electronics_and_home,2502307.0201667,4.08479899994364,True,True
2023-01-01,wholesale,electronics_and_home,1787013.229304,3.6273718245710143,True,True
2023-02-01,wholesale,electronics_and_home,1360405.1617052995,2.782896278481919,True,True
2023-03-01,wholesale,electronics_and_home,1904202.17782,3.1158640777545474,True,True
2023-04-01,wholesale,electronics_and_home,2015374.8511241,2.9905002732576085,True,True
2023-05-01,wholesale,electronics_and_home,1837776.83768,2.658371796870309,True,True
2023-06-01,wholesale,electronics_and_home,2196814.14473,2.85956904143321,True,True
2023-07-01,wholesale,electronics_and_home,2340709.797,2.797858854584427,True,True
2023-08-01,wholesale,electronics_and_home,2147933.79181,2.3383001776556696,True,True
2023-09-01,wholesale,electronics_and_home,3535811.18364,3.374671722750485,True,True
2023-10-01,wholesale,electronics_and_home,6289683.503610001,4.8118205109491505,True,True
2023-11-01,wholesale,electronics_and_home,3713782.57678,2.835718631158316,True,True
2023-12-01,wholesale,electronics_and_home,4888555.658800002,2.555588528233487,True,True
2024-01-01,wholesale,electronics_and_home,4219391.270690001,2.2459130044575013,True,True
2024-02-01,wholesale,electronics_and_home,5433775.660060001,2.6873443173795817,True,True
2024-03-01,wholesale,electronics_and_home,4507510.17371,1.8299333563890532,True,True
2024-04-01,wholesale,electronics_and_home,6367164.437499999,2.7262979711527757,True,True
2024-05-01,wholesale,electronics_and_home,6967495.676740001,2.7782791513669878,True,True
2024-06-01,wholesale,electronics_and_home,8645871.36215,3.294007859546462,True,True
2024-07-01,wholesale,electronics_and_home,9414186.71636,3.535563185575091,True,True
2024-08-01,wholesale,electronics_and_home,8854440.451229999,3.1749550820981236,True,True
2024-09-01,wholesale,electronics_and_home,9495469.54265,3.5574407496697544,True,True
2024-10-01,wholesale,electronics_and_home,11725701.387240004,3.8315743700353155,True,True
2024-11-01,wholesale,electronics_and_home,12830242.6685,4.077997270735955,True,True
2024-12-01,wholesale,electronics_and_home,10652118.43737,3.1690536074664233,True,True
2025-01-01,wholesale,electronics_and_home,10084527.179220002,3.731772032493523,True,True
2025-02-01,wholesale,electronics_and_home,9470173.76006,3.5561652126733256,True,True
2025-03-01,wholesale,electronics_and_home,9374843.85676,2.922250752634199,True,True
2025-04-01,wholesale,electronics_and_home,8137155.580670001,2.7109472894826854,True,True
2025-05-01,wholesale,electronics_and_home,9276187.02779,2.9567102889632095,True,True
2025-06-01,wholesale,electronics_and_home,11731754.870809998,3.7881066640177923,True,True
2025-07-01,wholesale,electronics_and_home,9375934.14294,2.953713093898188,True,True
2025-08-01,wholesale,electronics_and_home,8747776.904249998,2.7354787737124653,True,True
2025-09-01,wholesale,electronics_and_home,7716742.09262,2.6802885110647576,True,True
2025-10-01,wholesale,electronics_and_home,10289449.50569,3.0011089555728208,True,True
2025-11-01,wholesale,electronics_and_home,11367585.50167,3.189734832358926,True,True
2025-12-01,wholesale,electronics_and_home,15392086.057550002,3.629250653722244,True,True
2026-01-01,wholesale,electronics_and_home,9543553.17794,2.8081735033206776,True,True
2026-02-01,wholesale,electronics_and_home,9091655.51936,2.7628838378123666,True,True
2026-03-01,wholesale,electronics_and_home,8898638.59214,2.3773013867013892,True,True
2026-04-01,wholesale,electronics_and_home,7990646.44092,2.223427660169622,True,True
2026-05-01,wholesale,electronics_and_home,10491126.2517,2.7022470551558038,True,True
2017-01-01,wholesale,other,269322.148654,6.577633010170823,True,True
2017-02-01,wholesale,other,257899.915689,6.7128414778021686,True,True
2017-03-01,wholesale,other,301861.89890600013,6.47826066309073,True,True
2017-04-01,wholesale,other,298741.0666760001,6.605141743313585,True,True
2017-05-01,wholesale,other,294807.906273,6.313001248546703,True,True
2017-06-01,wholesale,other,311088.81767300004,6.480604271639844,True,True
2017-07-01,wholesale,other,344963.18723199994,6.708129048494732,True,True
2017-08-01,wholesale,other,338315.6385170001,6.658634990886816,True,True
2017-09-01,wholesale,other,330751.52094,6.498129970345685,True,True
2017-10-01,wholesale,other,317502.79458999995,6.454430242579965,True,True
2017-11-01,wholesale,other,347207.90753,6.5436895540492275,True,True
2017-12-01,wholesale,other,436121.5650600001,7.06207769898526,True,True
2018-01-01,wholesale,other,334509.993678,6.663662600243896,True,True
2018-02-01,wholesale,other,314787.7033800001,6.420913577324148,True,True
2018-03-01,wholesale,other,383524.9849199999,6.5363560239390095,True,True
2018-04-01,wholesale,other,341290.21432,6.154340096910254,True,True
2018-05-01,wholesale,other,358276.10435,6.085397821453598,True,True
2018-06-01,wholesale,other,382653.564942802,6.174378266463014,True,True
2018-07-01,wholesale,other,399880.66579,5.997756715436846,True,True
2018-08-01,wholesale,other,407037.086002512,6.178596956544372,True,True
2018-09-01,wholesale,other,384005.151648468,6.165051092966439,True,True
2018-10-01,wholesale,other,398169.1303823699,5.83322182674018,True,True
2018-11-01,wholesale,other,425935.7904140071,6.049479361063572,True,True
2018-12-01,wholesale,other,559210.8236902001,6.558549634251998,True,True
2019-01-01,wholesale,other,413055.32717274496,5.9979297760185215,True,True
2019-02-01,wholesale,other,424627.57164022,6.0289302027146165,True,True
2019-03-01,wholesale,other,508862.8650339929,6.216698793449448,True,True
2019-04-01,wholesale,other,505444.781963329,6.230819296333924,True,True
2019-05-01,wholesale,other,476355.505723751,5.546318272878137,True,True
2019-06-01,wholesale,other,489999.336181523,5.530154174357409,True,True
2019-07-01,wholesale,other,516909.38240394,5.651249845640806,True,True
2019-08-01,wholesale,other,507576.70748930593,5.200673586205415,True,True
2019-09-01,wholesale,other,515664.6589990001,5.317863417653041,True,True
2019-10-01,wholesale,other,581451.6765999999,5.283598945957756,True,True
2019-11-01,wholesale,other,609248.929154,5.352453931714005,True,True
2019-12-01,wholesale,other,759725.0937060002,5.351470842244606,True,True
2020-01-01,wholesale,other,611336.1585770001,5.338321996526885,True,True
2020-02-01,wholesale,other,647250.5254300002,5.340174874948403,True,True
2020-03-01,wholesale,other,725646.7763749999,4.784102641762401,True,True
2020-04-01,wholesale,other,591768.7523780001,4.857056975194637,True,True
2020-05-01,wholesale,other,653571.4568,5.031149240033358,True,True
2020-06-01,wholesale,other,688499.4987640998,5.150885415871366,True,True
2020-07-01,wholesale,other,742753.0872450001,5.396255413412143,True,True
2020-08-01,wholesale,other,841820.6744950003,5.996596354500537,True,True
2020-09-01,wholesale,other,726259.5282739999,5.447187760113104,True,True
2020-10-01,wholesale,other,826869.7625750002,5.51122199140157,True,True
2020-11-01,wholesale,other,892983.3748369999,5.88947326971961,True,True
2020-12-01,wholesale,other,1299054.323961,6.560679010759133,True,True
2021-01-01,wholesale,other,980559.898762,6.275586137517296,True,True
2021-02-01,wholesale,other,981737.853487,6.16177171384547,True,True
2021-03-01,wholesale,other,1129056.5804249998,6.165849296100174,True,True
2021-04-01,wholesale,other,1107724.9538360003,5.897951048528494,True,True
2021-05-01,wholesale,other,1132541.310534,5.883773808108576,True,True
2021-06-01,wholesale,other,1234013.525259,5.993442463669534,True,True
2021-07-01,wholesale,other,1443694.431799,6.773255144334703,True,True
2021-08-01,wholesale,other,1374305.448614,6.623914388621131,True,True
2021-09-01,wholesale,other,1329360.42623,6.270374852001346,True,True
2021-10-01,wholesale,other,1435597.299165,6.217011333607957,True,True
2021-11-01,wholesale,other,1501459.4429790005,6.309128201841875,True,True
2021-12-01,wholesale,other,1998975.402087,6.633862034942154,True,True
2022-01-01,wholesale,other,1515014.415237,6.493548898468251,True,True
2022-02-01,wholesale,other,1590765.1789049995,6.5718053981322395,True,True
2022-03-01,wholesale,other,1765463.7256610002,6.009128277003769,True,True
2022-04-01,wholesale,other,1901704.611611,6.33353840926533,True,True
2022-05-01,wholesale,other,2002243.115917,6.3567681814064585,True,True
2022-06-01,wholesale,other,2232577.041652,6.566444652195824,True,True
2022-07-01,wholesale,other,2623234.423169,6.6033653429573835,True,True
2022-08-01,wholesale,other,2366096.2499049995,6.384479510164348,True,True
2022-09-01,wholesale,other,2510887.93114,6.451795250088383,True,True
2022-10-01,wholesale,other,2596613.521111,6.2306848481123165,True,True
2022-11-01,wholesale,other,2833134.0213279994,6.078715060783614,True,True
2022-12-01,wholesale,other,4048650.41735,6.609070366917225,True,True
2023-01-01,wholesale,other,3017400.7481,6.124876009653468,True,True
2023-02-01,wholesale,other,3119464.3961390005,6.3812944137833565,True,True
2023-03-01,wholesale,other,3638390.05958,5.95353215092068,True,True
2023-04-01,wholesale,other,4090547.00153,6.069730362580228,True,True
2023-05-01,wholesale,other,3994500.54265,5.778105027468466,True,True
2023-06-01,wholesale,other,4529544.12615,5.8960582469010445,True,True
2023-07-01,wholesale,other,5031701.81075,6.014411305014666,True,True
2023-08-01,wholesale,other,5655318.789190001,6.15653656545861,True,True
2023-09-01,wholesale,other,6412093.772450001,6.119871908780822,True,True
2023-10-01,wholesale,other,7546242.485290001,5.7731306114963195,True,True
2023-11-01,wholesale,other,8222941.664869999,6.278759835805316,True,True
2023-12-01,wholesale,other,12983828.329659997,6.787551384855685,True,True
2024-01-01,wholesale,other,12024398.93819,6.400391007504173,True,True
2024-02-01,wholesale,other,13091271.902129998,6.47445852651774,True,True
2024-03-01,wholesale,other,16499945.52938,6.69855408844552,True,True
2024-04-01,wholesale,other,15019856.30284,6.431215051439282,True,True
2024-05-01,wholesale,other,13453874.195050005,5.36471350904529,True,True
2024-06-01,wholesale,other,17796517.706669997,6.78033095136764,True,True
2024-07-01,wholesale,other,18041752.20684,6.775705308130453,True,True
2024-08-01,wholesale,other,20668831.04219,7.411265626538009,True,True
2024-09-01,wholesale,other,17671347.888109997,6.620501787340655,True,True
2024-10-01,wholesale,other,18223349.054539997,5.954792371701183,True,True
2024-11-01,wholesale,other,21754710.05997,6.914572899546063,True,True
2024-12-01,wholesale,other,26368676.03601,7.844800863541914,True,True
2025-01-01,wholesale,other,16959452.775330003,6.275833306670338,True,True
2025-02-01,wholesale,other,17389464.13272,6.529954886003865,True,True
2025-03-01,wholesale,other,21311348.574709997,6.643001778337817,True,True
2025-04-01,wholesale,other,21460108.10541,7.149577186230525,True,True
2025-05-01,wholesale,other,22616735.26748,7.208903148220252,True,True
2025-06-01,wholesale,other,21322815.944160003,6.884997348066863,True,True
2025-07-01,wholesale,other,21627869.15297,6.813456593906135,True,True
2025-08-01,wholesale,other,23976013.781000003,7.4974336330295515,True,True
2025-09-01,wholesale,other,19773230.16144,6.86791925818436,True,True
2025-10-01,wholesale,other,22451578.25397,6.548419575553859,True,True
2025-11-01,wholesale,other,24638387.72862,6.913510660605842,True,True
2025-12-01,wholesale,other,30975212.95678,7.303546215390198,True,True
2026-01-01,wholesale,other,22243085.83688,6.544988340778181,True,True
2026-02-01,wholesale,other,21919297.387890004,6.661105049596866,True,True
2026-03-01,wholesale,other,26358170.81653,7.041674452134332,True,True
2026-04-01,wholesale,other,23958869.86205,6.666646353527436,True,True
2026-05-01,wholesale,other,26565921.62944,6.842705136545421,True,True
